{"stats":{"minecraft:custom":{"minecraft:mob_kills":87,"minecraft:interact_with_crafting_table":13,"minecraft:open_barrel":1,"minecraft:leave_game":2,"minecraft:time_since_death":21946,"minecraft:sprint_one_cm":192299,"minecraft:walk_one_cm":164972,"minecraft:drop":23,"minecraft:damage_dealt_absorbed":80,"minecraft:play_time":81558,"minecraft:deaths":18,"minecraft:sneak_time":325,"minecraft:walk_under_water_one_cm":36479,"minecraft:jump":1195,"minecraft:walk_on_water_one_cm":23013,"minecraft:total_world_time":81558,"minecraft:interact_with_furnace":15,"minecraft:time_since_rest":21740,"minecraft:damage_absorbed":40,"minecraft:damage_taken":2147483647,"minecraft:damage_dealt":14838,"minecraft:swim_one_cm":31420,"minecraft:fly_one_cm":259623,"minecraft:open_chest":4,"minecraft:crouch_one_cm":357,"tombstone:undead_killed":36,"minecraft:fall_one_cm":23704},"minecraft:broken":{"minecraft:golden_helmet":1,"minecraft:stone_sword":1,"minecraft:golden_leggings":1,"minecraft:stone_axe":1},"minecraft:mined":{"minecraft:tuff":1,"minecraft:mossy_cobblestone":4,"minecraft:deepslate_diamond_ore":8,"minecraft:oak_door":3,"minecraft:granite":1,"minecraft:grass_block":4,"tensura:deepslate_silver_ore":4,"minecraft:furnace":2,"minecraft:cobbled_deepslate":3,"minecraft:iron_ore":13,"minecraft:sticky_piston":1,"minecraft:andesite":3,"minecraft:deepslate_lapis_ore":3,"minecraft:gold_block":2,"minecraft:deepslate_iron_ore":28,"minecraft:stone":46,"minecraft:white_wool":1,"minecraft:deepslate_redstone_ore":17,"minecraft:crafting_table":3,"minecraft:torch":1,"minecraft:campfire":1,"minecraft:copper_ore":10,"minecraft:cobblestone":4,"minecraft:deepslate_gold_ore":25,"minecraft:sugar_cane":3,"minecraft:diorite":2,"minecraft:wall_torch":2,"minecraft:skeleton_skull":7,"minecraft:yellow_bed":1,"minecraft:grass":11,"minecraft:coal_ore":51,"minecraft:oak_log":32,"minecraft:dirt":6,"minecraft:zombie_head":1,"minecraft:gravel":3,"minecraft:flower_pot":1,"minecraft:cracked_stone_bricks":3,"minecraft:stone_bricks":3,"minecraft:mossy_stone_bricks":2,"minecraft:oak_leaves":10,"minecraft:deepslate":75},"minecraft:killed":{"tensura:hound_dog":1,"tensura:bulldeer":5,"tensura:landfish":3,"iceandfire:gorgon":1,"minecraft:spider":8,"tensura:barghest":7,"minecraft:skeleton":2,"tensura:giant_salmon":3,"minecraft:pig":7,"minecraft:salmon":1,"minecraft:bat":1,"minecraft:creeper":2,"tensura:leech_lizard":3,"minecraft:sheep":3,"tensura:slime":2,"minecraft:zombie":33,"alexsmobs:terrapin":1,"minecraft:glow_squid":1,"minecraft:enderman":3},"minecraft:dropped":{"minecraft:wheat_seeds":2,"minecraft:prismarine_crystals":2,"tensura:unlit_torch":2,"minecraft:cracked_stone_bricks":2,"minecraft:gray_wool":1,"tensura:low_quality_magic_crystal":3,"minecraft:diorite":2,"minecraft:iron_pickaxe":1,"minecraft:bone":4,"minecraft:oak_door":1,"minecraft:cobbled_deepslate":4,"minecraft:tuff":2,"minecraft:rotten_flesh":1,"minecraft:light_gray_wool":2,"minecraft:oak_planks":1,"patchouli:guide_book":0,"minecraft:flower_pot":1,"minecraft:stone_pickaxe":1,"minecraft:wooden_pickaxe":1},"minecraft:used":{"minecraft:stone_sword":121,"minecraft:iron_sword":84,"minecraft:oak_door":7,"minecraft:torch":110,"minecraft:dirt":9,"minecraft:mutton":1,"minecraft:iron_axe":4,"minecraft:furnace":3,"tombstone:gift":4,"minecraft:egg":1,"minecraft:cobbled_deepslate":23,"tensura:low_quality_magic_crystal":57,"tensura:medium_quality_magic_crystal":11,"minecraft:stone_pickaxe":63,"minecraft:oak_planks":1,"minecraft:wooden_pickaxe":6,"minecraft:cracked_stone_bricks":1,"minecraft:golden_apple":1,"minecraft:crafting_table":6,"minecraft:white_bed":1,"minecraft:flower_pot":1,"minecraft:diamond_pickaxe":92,"tensura:monster_leather_c":16,"minecraft:iron_pickaxe":165,"tombstone:grave_key":2,"tensura:monster_leather_d":4,"minecraft:stone_axe":86,"minecraft:cobblestone":18,"minecraft:bucket":7},"minecraft:crafted":{"minecraft:oak_door":6,"minecraft:oak_planks":56,"minecraft:furnace":1,"minecraft:iron_axe":1,"minecraft:stone_pickaxe":1,"minecraft:crafting_table":3,"minecraft:wooden_pickaxe":1,"minecraft:iron_sword":1,"minecraft:bucket":1,"minecraft:stone_axe":1,"minecraft:air":0,"minecraft:white_wool":1,"minecraft:diamond_pickaxe":1,"minecraft:stick":44,"minecraft:iron_ingot":16,"minecraft:iron_pickaxe":1,"minecraft:stone_sword":1,"minecraft:white_bed":1,"minecraft:torch":116},"minecraft:picked_up":{"tensura:magic_ore_shard":1,"minecraft:charcoal":2,"minecraft:crafting_table":3,"minecraft:flower_pot":2,"minecraft:gold_block":2,"minecraft:enchanted_book":1,"tensura:low_quality_magic_crystal":34,"minecraft:string":1,"minecraft:raw_copper":32,"minecraft:zombie_head":1,"minecraft:cracked_stone_bricks":3,"minecraft:cobbled_deepslate":83,"minecraft:light_gray_wool":2,"minecraft:sugar_cane":9,"minecraft:furnace":2,"minecraft:egg":1,"minecraft:raw_iron":41,"minecraft:oak_door":5,"minecraft:torch":3,"minecraft:porkchop":11,"minecraft:diorite":2,"minecraft:redstone":50,"minecraft:prismarine_crystals":1,"minecraft:rotten_flesh":17,"minecraft:mutton":6,"tensura:bulldeer_beef":3,"minecraft:skeleton_skull":7,"minecraft:white_wool":3,"minecraft:cobblestone":50,"minecraft:salmon":6,"minecraft:andesite":3,"minecraft:potato":1,"minecraft:flint":1,"minecraft:tuff":2,"minecraft:oak_log":31,"minecraft:yellow_bed":1,"minecraft:lapis_lazuli":20,"minecraft:dirt":23,"minecraft:bone":4,"minecraft:wheat_seeds":3,"minecraft:raw_gold":25,"tensura:medium_quality_magic_crystal":2,"tensura:monster_leather_c":3,"minecraft:gravel":4,"sophisticatedbackpacks:iron_backpack":1,"tensura:unlit_torch":3,"minecraft:mossy_cobblestone":3,"tensura:raw_silver":4,"minecraft:diamond":8,"minecraft:granite":1,"minecraft:gray_wool":1,"tensura:monster_leather_d":2,"minecraft:coal":51,"minecraft:ender_pearl":1},"minecraft:killed_by":{"tensura:landfish":1,"tensura:leech_lizard":1,"tensura:blade_tiger":2,"minecraft:spider":1,"tensura:barghest":8,"iceandfire:gorgon":1,"tensura:hound_dog":1,"minecraft:skeleton":1,"tensura:slime":1}},"DataVersion":3120}