{"stats":{"minecraft:used":{"minecraft:stone_sword":3,"minecraft:melon_slice":6,"minecraft:stone_pickaxe":28,"minecraft:wooden_pickaxe":8,"minecraft:stone_axe":29,"minecraft:dirt":2,"minecraft:crafting_table":1,"minecraft:oak_sapling":1},"minecraft:mined":{"minecraft:birch_log":33,"minecraft:birch_leaves":2,"minecraft:crafting_table":1,"minecraft:grass":1,"minecraft:grass_block":1,"minecraft:melon":1,"minecraft:stone":36},"minecraft:killed":{"tensura:one_eyed_owl":2,"tensura:dragon_peacock":1,"minecraft:parrot":2,"tensura:horned_rabbit":1,"minecraft:creeper":1,"minecraft:cow":3},"minecraft:dropped":{"minecraft:wooden_pickaxe":1,"minecraft:stick":1},"minecraft:crafted":{"minecraft:crafting_table":1,"minecraft:stick":8,"minecraft:wooden_pickaxe":1,"minecraft:stone_pickaxe":1,"minecraft:stone_sword":1,"minecraft:birch_planks":28,"minecraft:stone_axe":1},"minecraft:picked_up":{"minecraft:birch_log":33,"minecraft:crafting_table":1,"minecraft:dirt":17,"minecraft:oak_sapling":1,"minecraft:melon_slice":6,"minecraft:cobblestone":36},"minecraft:custom":{"minecraft:time_since_rest":670,"minecraft:sprint_one_cm":12997,"minecraft:damage_taken":656,"minecraft:walk_one_cm":11355,"minecraft:mob_kills":10,"minecraft:drop":2,"minecraft:damage_dealt":135,"minecraft:interact_with_crafting_table":2,"minecraft:fly_one_cm":15503,"minecraft:crouch_one_cm":46,"minecraft:play_time":12022,"minecraft:deaths":3,"minecraft:sneak_time":16,"minecraft:damage_dealt_resisted":0,"minecraft:jump":131,"minecraft:time_since_death":955,"minecraft:climb_one_cm":762,"minecraft:total_world_time":12022,"minecraft:fall_one_cm":5882},"minecraft:killed_by":{"tensura:barghest":1,"tensura:direwolf":2}},"DataVersion":3120}