{"stats":{"minecraft:killed":{"minecraft:creeper":1,"tensura:barghest":3,"minecraft:zombie":6,"minecraft:enderman":1},"minecraft:dropped":{"patchouli:guide_book":0,"tensura:low_quality_magic_crystal":1},"minecraft:picked_up":{"minecraft:crafting_table":2,"minecraft:andesite":3,"minecraft:flint":1,"minecraft:oak_log":14,"tensura:low_quality_magic_crystal":3,"minecraft:lapis_lazuli":20,"minecraft:dirt":9,"minecraft:raw_copper":32,"minecraft:wheat_seeds":1,"minecraft:cobbled_deepslate":19,"minecraft:raw_gold":25,"minecraft:furnace":1,"minecraft:raw_iron":28,"minecraft:gravel":1,"minecraft:redstone":23,"minecraft:rotten_flesh":2,"minecraft:diamond":4,"minecraft:granite":1,"minecraft:coal":19,"minecraft:mutton":1,"minecraft:white_wool":1,"minecraft:cobblestone":33},"minecraft:crafted":{"minecraft:oak_planks":20,"minecraft:crafting_table":1,"minecraft:wooden_pickaxe":1,"minecraft:furnace":1,"minecraft:stone_axe":1,"minecraft:air":0,"minecraft:stick":24,"minecraft:iron_ingot":4,"minecraft:iron_pickaxe":1,"minecraft:stone_pickaxe":1,"minecraft:stone_sword":1,"minecraft:torch":60},"minecraft:custom":{"minecraft:interact_with_furnace":4,"minecraft:mob_kills":11,"minecraft:interact_with_crafting_table":6,"minecraft:leave_game":1,"minecraft:time_since_death":5598,"minecraft:time_since_rest":3237,"minecraft:sprint_one_cm":55123,"minecraft:damage_taken":1864,"minecraft:walk_one_cm":50420,"minecraft:drop":1,"minecraft:damage_dealt":1721,"minecraft:fly_one_cm":85074,"minecraft:crouch_one_cm":241,"minecraft:play_time":26578,"tombstone:undead_killed":6,"minecraft:deaths":9,"minecraft:sneak_time":83,"minecraft:walk_under_water_one_cm":1316,"minecraft:jump":433,"minecraft:walk_on_water_one_cm":2887,"minecraft:total_world_time":26578,"minecraft:fall_one_cm":7247},"minecraft:mined":{"minecraft:deepslate_redstone_ore":5,"minecraft:deepslate_diamond_ore":4,"minecraft:crafting_table":2,"minecraft:granite":1,"minecraft:grass_block":3,"minecraft:copper_ore":10,"minecraft:deepslate_gold_ore":25,"minecraft:furnace":1,"minecraft:iron_ore":12,"minecraft:andesite":3,"minecraft:deepslate_lapis_ore":3,"minecraft:grass":9,"minecraft:coal_ore":18,"minecraft:oak_log":15,"minecraft:deepslate_iron_ore":16,"minecraft:gravel":2,"minecraft:dirt":6,"minecraft:stone":33,"minecraft:white_wool":1,"minecraft:oak_leaves":10,"minecraft:deepslate":21},"minecraft:killed_by":{"minecraft:skeleton":1,"tensura:barghest":6,"tensura:slime":1},"minecraft:used":{"minecraft:stone_sword":37,"minecraft:stone_pickaxe":63,"minecraft:oak_planks":1,"minecraft:wooden_pickaxe":6,"minecraft:torch":41,"minecraft:dirt":9,"minecraft:mutton":1,"minecraft:crafting_table":2,"minecraft:iron_pickaxe":87,"minecraft:stone_axe":20,"minecraft:furnace":1,"tombstone:gift":3}},"DataVersion":3120}