{"stats":{"minecraft:broken":{"minecraft:golden_helmet":1,"minecraft:stone_sword":1,"minecraft:iron_leggings":1,"minecraft:golden_leggings":1,"minecraft:iron_axe":1,"minecraft:stone_axe":1,"minecraft:iron_sword":1},"minecraft:killed_by":{"tensura:landfish":1,"tensura:leech_lizard":2,"tensura:blade_tiger":2,"minecraft:spider":1,"tensura:barghest":8,"iceandfire:gorgon":1,"tensura:hound_dog":1,"minecraft:skeleton":1,"minecraft:zombie":3,"tensura:slime":1},"minecraft:crafted":{"minecraft:oak_door":6,"minecraft:oak_planks":84,"ironfurnaces:gold_furnace":2,"minecraft:cooked_chicken":0,"minecraft:furnace":2,"ironfurnaces:iron_furnace":2,"ironfurnaces:diamond_furnace":2,"minecraft:cooked_mutton":5,"minecraft:glass":0,"minecraft:iron_axe":1,"minecraft:stone_pickaxe":1,"minecraft:chest":2,"tensura:smithing_bench":1,"minecraft:cooked_beef":0,"minecraft:crafting_table":3,"minecraft:wooden_pickaxe":1,"minecraft:iron_sword":1,"minecraft:smithing_table":1,"minecraft:bucket":1,"minecraft:stone_axe":1,"minecraft:air":0,"minecraft:book":1,"minecraft:white_wool":1,"minecraft:diamond_pickaxe":1,"minecraft:stick":56,"minecraft:iron_ingot":54,"minecraft:iron_pickaxe":1,"minecraft:iron_block":3,"minecraft:stone_sword":1,"minecraft:gold_ingot":0,"minecraft:anvil":1,"minecraft:white_bed":1,"minecraft:torch":176},"minecraft:picked_up":{"minecraft:charcoal":2,"tensura:magic_ore_shard":1,"minecraft:crafting_table":4,"minecraft:wheat":3,"minecraft:chicken":2,"minecraft:flower_pot":2,"minecraft:prismarine_shard":8,"minecraft:gold_block":2,"minecraft:enchanted_book":1,"tensura:low_quality_magic_crystal":64,"minecraft:string":28,"minecraft:raw_copper":32,"minecraft:zombie_head":1,"minecraft:cracked_stone_bricks":3,"irons_spellbooks:arcane_essence":3,"minecraft:cobbled_deepslate":110,"minecraft:beef":2,"minecraft:light_gray_wool":2,"minecraft:sugar_cane":9,"minecraft:furnace":4,"minecraft:egg":1,"minecraft:stick":1,"minecraft:raw_iron":107,"minecraft:oak_door":5,"minecraft:torch":6,"minecraft:porkchop":14,"tombstone:grave_dust":7,"minecraft:diorite":3,"minecraft:redstone":60,"minecraft:prismarine_crystals":3,"minecraft:arrow":9,"minecraft:rotten_flesh":59,"ironfurnaces:gold_furnace":1,"minecraft:gold_ingot":2,"minecraft:mutton":6,"tensura:bulldeer_beef":8,"minecraft:skeleton_skull":7,"minecraft:white_wool":3,"minecraft:cobblestone":109,"minecraft:glow_ink_sac":3,"minecraft:andesite":12,"minecraft:salmon":6,"minecraft:leather":2,"minecraft:potato":1,"minecraft:flint":2,"minecraft:tuff":20,"minecraft:oak_log":42,"minecraft:yellow_bed":1,"minecraft:gunpowder":8,"minecraft:lapis_lazuli":42,"minecraft:dirt":27,"minecraft:name_tag":1,"minecraft:bone":6,"minecraft:stone_bricks":1,"minecraft:bow":1,"minecraft:wheat_seeds":3,"minecraft:raw_gold":62,"minecraft:iron_ingot":2,"minecraft:mossy_stone_bricks":2,"tensura:medium_quality_magic_crystal":6,"tensura:monster_leather_c":8,"minecraft:oak_planks":2,"ironfurnaces:iron_furnace":2,"minecraft:sweet_berries":13,"patchouli:guide_book":1,"minecraft:gravel":8,"minecraft:spruce_sapling":2,"sophisticatedbackpacks:iron_backpack":1,"tensura:unlit_torch":4,"minecraft:spider_eye":2,"alexsmobs:animal_dictionary":1,"minecraft:mossy_cobblestone":3,"minecraft:bundle":1,"tensura:raw_silver":10,"minecraft:diamond":16,"minecraft:granite":1,"minecraft:gray_wool":1,"iceandfire:gorgon_head":1,"tensura:monster_leather_d":2,"minecraft:coal":93,"minecraft:ender_pearl":2,"minecraft:diamond_pickaxe":1},"minecraft:dropped":{"minecraft:porkchop":3,"minecraft:wheat_seeds":2,"minecraft:glow_ink_sac":3,"minecraft:ender_pearl":1,"minecraft:prismarine_shard":8,"minecraft:prismarine_crystals":4,"minecraft:cracked_stone_bricks":2,"tensura:unlit_torch":3,"iceandfire:gorgon_head":1,"minecraft:flint":1,"minecraft:stick":1,"minecraft:gray_wool":1,"tensura:low_quality_magic_crystal":3,"minecraft:diorite":2,"tombstone:grave_dust":3,"irons_spellbooks:arcane_essence":3,"minecraft:iron_pickaxe":1,"minecraft:redstone":9,"minecraft:bone":4,"minecraft:oak_door":1,"alexsmobs:animal_dictionary":1,"minecraft:cobbled_deepslate":4,"minecraft:tuff":2,"minecraft:wheat":3,"tensura:bulldeer_beef":5,"minecraft:rotten_flesh":13,"minecraft:light_gray_wool":2,"minecraft:oak_planks":5,"minecraft:name_tag":1,"patchouli:guide_book":1,"minecraft:flower_pot":1,"minecraft:gunpowder":6,"minecraft:diamond_pickaxe":1,"minecraft:andesite":3,"minecraft:arrow":6,"minecraft:bow":1,"minecraft:stone_pickaxe":1,"minecraft:wooden_pickaxe":1},"minecraft:mined":{"create:deepslate_zinc_ore":1,"minecraft:diamond_ore":1,"minecraft:tuff":19,"minecraft:mossy_cobblestone":4,"minecraft:deepslate_diamond_ore":15,"minecraft:oak_door":3,"minecraft:granite":1,"minecraft:grass_block":5,"minecraft:redstone_wire":1,"minecraft:spruce_leaves":31,"tensura:deepslate_silver_ore":10,"minecraft:furnace":4,"ironfurnaces:gold_furnace":1,"minecraft:iron_ore":55,"minecraft:sticky_piston":1,"minecraft:cobbled_deepslate":3,"minecraft:andesite":9,"minecraft:deepslate_lapis_ore":4,"minecraft:gold_block":2,"minecraft:deepslate_iron_ore":36,"minecraft:vine":1,"minecraft:stone":104,"minecraft:white_wool":1,"minecraft:deepslate_redstone_ore":19,"minecraft:medium_amethyst_bud":1,"ironfurnaces:iron_furnace":2,"minecraft:crafting_table":4,"minecraft:torch":3,"minecraft:campfire":1,"minecraft:copper_ore":10,"minecraft:cobblestone":5,"minecraft:deepslate_gold_ore":27,"minecraft:lapis_ore":2,"minecraft:sugar_cane":3,"minecraft:diorite":3,"minecraft:wall_torch":3,"minecraft:skeleton_skull":7,"minecraft:sweet_berry_bush":5,"minecraft:yellow_bed":1,"minecraft:grass":11,"minecraft:oak_log":43,"minecraft:coal_ore":85,"minecraft:zombie_head":1,"minecraft:gravel":7,"minecraft:dirt":9,"minecraft:flower_pot":1,"minecraft:cobweb":27,"minecraft:cracked_stone_bricks":3,"minecraft:stone_bricks":4,"minecraft:mossy_stone_bricks":4,"minecraft:gold_ore":3,"minecraft:oak_leaves":11,"minecraft:deepslate":102},"minecraft:killed":{"tensura:hound_dog":1,"minecraft:cave_spider":5,"tensura:bulldeer":5,"tensura:landfish":3,"iceandfire:gorgon":1,"minecraft:spider":9,"tensura:barghest":9,"minecraft:skeleton":5,"minecraft:chicken":1,"tensura:giant_salmon":3,"minecraft:axolotl":1,"minecraft:pig":7,"minecraft:salmon":1,"minecraft:bat":3,"minecraft:creeper":4,"tensura:leech_lizard":8,"minecraft:sheep":3,"tensura:slime":2,"minecraft:zombie":82,"alexsmobs:terrapin":1,"minecraft:glow_squid":1,"minecraft:enderman":5,"minecraft:cow":1},"minecraft:custom":{"minecraft:mob_kills":161,"minecraft:interact_with_crafting_table":31,"minecraft:open_barrel":2,"minecraft:damage_dealt_resisted":214,"minecraft:leave_game":3,"minecraft:time_since_death":2121,"minecraft:climb_one_cm":4271,"minecraft:sprint_one_cm":289312,"minecraft:walk_one_cm":245974,"minecraft:drop":49,"minecraft:damage_dealt_absorbed":200,"minecraft:play_time":128641,"minecraft:sneak_time":433,"minecraft:deaths":22,"minecraft:walk_under_water_one_cm":45217,"minecraft:jump":2016,"minecraft:walk_on_water_one_cm":28650,"minecraft:total_world_time":128641,"minecraft:interact_with_furnace":53,"minecraft:time_since_rest":1834,"minecraft:damage_taken":2147483647,"minecraft:damage_absorbed":40,"minecraft:damage_dealt":26261,"minecraft:swim_one_cm":52782,"minecraft:fly_one_cm":349762,"minecraft:open_chest":14,"minecraft:crouch_one_cm":367,"tombstone:undead_killed":88,"minecraft:fall_one_cm":37218},"minecraft:used":{"ironfurnaces:gold_furnace":1,"minecraft:stone_sword":121,"minecraft:redstone":1,"minecraft:chest":2,"minecraft:iron_sword":219,"minecraft:rotten_flesh":6,"minecraft:oak_door":10,"minecraft:iron_chestplate":1,"minecraft:torch":183,"minecraft:dirt":9,"minecraft:mutton":1,"ironfurnaces:diamond_furnace":2,"minecraft:carrot":2,"minecraft:tuff":18,"minecraft:iron_axe":134,"tensura:magic_ore_shard":1,"ironfurnaces:iron_furnace":2,"minecraft:sweet_berries":10,"minecraft:furnace":3,"tombstone:gift":5,"minecraft:egg":1,"tensura:smithing_bench":1,"minecraft:cobbled_deepslate":76,"minecraft:iron_leggings":1,"tensura:low_quality_magic_crystal":65,"tensura:medium_quality_magic_crystal":15,"minecraft:oak_planks":1,"minecraft:stone_pickaxe":63,"minecraft:wooden_pickaxe":6,"minecraft:cracked_stone_bricks":1,"minecraft:golden_apple":1,"minecraft:crafting_table":6,"minecraft:white_bed":1,"minecraft:oak_log":4,"minecraft:flower_pot":1,"minecraft:diamond_pickaxe":331,"minecraft:iron_pickaxe":165,"tensura:monster_leather_c":17,"tombstone:grave_key":5,"tensura:monster_leather_d":4,"minecraft:stone_axe":86,"minecraft:cobblestone":45,"minecraft:andesite":4,"minecraft:bucket":7}},"DataVersion":3120}