{"stats":{"minecraft:custom":{"minecraft:mob_kills":93,"minecraft:interact_with_crafting_table":19,"minecraft:open_barrel":1,"minecraft:leave_game":2,"minecraft:time_since_death":39490,"minecraft:climb_one_cm":274,"minecraft:sprint_one_cm":237122,"minecraft:walk_one_cm":191404,"minecraft:drop":28,"minecraft:damage_dealt_absorbed":80,"minecraft:play_time":99102,"minecraft:deaths":18,"minecraft:sneak_time":409,"minecraft:walk_under_water_one_cm":44477,"minecraft:jump":1569,"minecraft:walk_on_water_one_cm":25863,"minecraft:total_world_time":99102,"minecraft:interact_with_furnace":22,"minecraft:time_since_rest":39284,"minecraft:damage_taken":2147483647,"minecraft:damage_absorbed":40,"minecraft:damage_dealt":16368,"minecraft:swim_one_cm":52782,"minecraft:fly_one_cm":293863,"minecraft:open_chest":4,"minecraft:crouch_one_cm":367,"tombstone:undead_killed":38,"minecraft:fall_one_cm":30295},"minecraft:broken":{"minecraft:golden_helmet":1,"minecraft:stone_sword":1,"minecraft:golden_leggings":1,"minecraft:stone_axe":1},"minecraft:mined":{"minecraft:diamond_ore":1,"create:deepslate_zinc_ore":1,"minecraft:tuff":19,"minecraft:mossy_cobblestone":4,"minecraft:deepslate_diamond_ore":15,"minecraft:oak_door":3,"minecraft:granite":1,"minecraft:grass_block":5,"minecraft:redstone_wire":1,"minecraft:spruce_leaves":31,"tensura:deepslate_silver_ore":10,"minecraft:furnace":4,"minecraft:iron_ore":31,"minecraft:sticky_piston":1,"minecraft:cobbled_deepslate":3,"minecraft:andesite":7,"minecraft:deepslate_lapis_ore":4,"minecraft:gold_block":2,"minecraft:deepslate_iron_ore":35,"minecraft:stone":89,"minecraft:white_wool":1,"minecraft:deepslate_redstone_ore":19,"minecraft:medium_amethyst_bud":1,"minecraft:crafting_table":4,"minecraft:torch":2,"minecraft:campfire":1,"minecraft:copper_ore":10,"minecraft:cobblestone":4,"minecraft:lapis_ore":2,"minecraft:deepslate_gold_ore":27,"minecraft:sugar_cane":3,"minecraft:diorite":3,"minecraft:wall_torch":3,"minecraft:skeleton_skull":7,"minecraft:sweet_berry_bush":5,"minecraft:yellow_bed":1,"minecraft:grass":11,"minecraft:oak_log":42,"minecraft:coal_ore":51,"minecraft:zombie_head":1,"minecraft:gravel":7,"minecraft:flower_pot":1,"minecraft:dirt":9,"minecraft:cobweb":7,"minecraft:cracked_stone_bricks":3,"minecraft:stone_bricks":3,"minecraft:mossy_stone_bricks":2,"minecraft:gold_ore":3,"minecraft:oak_leaves":11,"minecraft:deepslate":102},"minecraft:killed":{"tensura:hound_dog":1,"tensura:bulldeer":5,"tensura:landfish":3,"iceandfire:gorgon":1,"minecraft:spider":8,"tensura:barghest":8,"minecraft:skeleton":3,"tensura:giant_salmon":3,"minecraft:pig":7,"minecraft:salmon":1,"minecraft:bat":1,"minecraft:creeper":2,"tensura:leech_lizard":4,"minecraft:sheep":3,"tensura:slime":2,"minecraft:zombie":34,"alexsmobs:terrapin":1,"minecraft:glow_squid":1,"minecraft:cow":1,"minecraft:enderman":4},"minecraft:dropped":{"minecraft:wheat_seeds":2,"minecraft:prismarine_crystals":2,"minecraft:cracked_stone_bricks":2,"tensura:unlit_torch":3,"minecraft:stick":1,"minecraft:gray_wool":1,"tensura:low_quality_magic_crystal":3,"minecraft:diorite":2,"minecraft:iron_pickaxe":1,"minecraft:redstone":9,"minecraft:bone":4,"minecraft:oak_door":1,"minecraft:cobbled_deepslate":4,"minecraft:tuff":2,"minecraft:rotten_flesh":1,"minecraft:light_gray_wool":2,"minecraft:oak_planks":3,"patchouli:guide_book":0,"minecraft:flower_pot":1,"minecraft:diamond_pickaxe":1,"minecraft:wooden_pickaxe":1,"minecraft:stone_pickaxe":1},"minecraft:used":{"minecraft:stone_sword":121,"minecraft:redstone":1,"minecraft:iron_sword":118,"minecraft:rotten_flesh":3,"minecraft:iron_chestplate":1,"minecraft:oak_door":10,"minecraft:torch":155,"minecraft:dirt":9,"minecraft:mutton":1,"minecraft:tuff":18,"minecraft:iron_axe":16,"tensura:magic_ore_shard":1,"ironfurnaces:iron_furnace":2,"minecraft:sweet_berries":10,"minecraft:furnace":3,"tombstone:gift":4,"minecraft:egg":1,"minecraft:cobbled_deepslate":76,"minecraft:iron_leggings":1,"tensura:low_quality_magic_crystal":61,"tensura:medium_quality_magic_crystal":12,"minecraft:stone_pickaxe":63,"minecraft:oak_planks":1,"minecraft:wooden_pickaxe":6,"minecraft:cracked_stone_bricks":1,"minecraft:golden_apple":1,"minecraft:crafting_table":6,"minecraft:white_bed":1,"minecraft:flower_pot":1,"minecraft:diamond_pickaxe":248,"tensura:monster_leather_c":16,"minecraft:iron_pickaxe":165,"tombstone:grave_key":2,"tensura:monster_leather_d":4,"minecraft:stone_axe":86,"minecraft:cobblestone":38,"minecraft:andesite":4,"minecraft:bucket":7},"minecraft:crafted":{"minecraft:oak_door":6,"minecraft:oak_planks":64,"minecraft:furnace":2,"ironfurnaces:iron_furnace":2,"minecraft:iron_axe":1,"minecraft:stone_pickaxe":1,"minecraft:crafting_table":3,"minecraft:wooden_pickaxe":1,"minecraft:iron_sword":1,"minecraft:bucket":1,"minecraft:stone_axe":1,"minecraft:air":0,"minecraft:white_wool":1,"minecraft:diamond_pickaxe":1,"minecraft:stick":56,"minecraft:iron_ingot":54,"minecraft:iron_pickaxe":1,"minecraft:stone_sword":1,"minecraft:white_bed":1,"minecraft:torch":176},"minecraft:picked_up":{"minecraft:charcoal":2,"tensura:magic_ore_shard":1,"minecraft:crafting_table":4,"minecraft:flower_pot":2,"minecraft:gold_block":2,"minecraft:enchanted_book":1,"tensura:low_quality_magic_crystal":34,"minecraft:string":8,"minecraft:raw_copper":32,"minecraft:zombie_head":1,"minecraft:cracked_stone_bricks":3,"minecraft:cobbled_deepslate":110,"minecraft:beef":2,"minecraft:light_gray_wool":2,"minecraft:sugar_cane":9,"minecraft:furnace":4,"minecraft:egg":1,"minecraft:stick":1,"minecraft:raw_iron":85,"minecraft:oak_door":5,"minecraft:torch":5,"minecraft:porkchop":11,"minecraft:diorite":3,"minecraft:redstone":60,"minecraft:prismarine_crystals":1,"minecraft:arrow":1,"minecraft:rotten_flesh":17,"minecraft:mutton":6,"tensura:bulldeer_beef":3,"minecraft:skeleton_skull":7,"minecraft:white_wool":3,"minecraft:cobblestone":93,"minecraft:andesite":7,"minecraft:salmon":6,"minecraft:leather":2,"minecraft:potato":1,"minecraft:flint":1,"minecraft:tuff":20,"minecraft:oak_log":41,"minecraft:yellow_bed":1,"minecraft:lapis_lazuli":42,"minecraft:dirt":27,"minecraft:bone":4,"minecraft:wheat_seeds":3,"minecraft:raw_gold":30,"minecraft:iron_ingot":1,"tensura:medium_quality_magic_crystal":3,"tensura:monster_leather_c":4,"minecraft:sweet_berries":13,"minecraft:gravel":8,"minecraft:spruce_sapling":2,"sophisticatedbackpacks:iron_backpack":1,"tensura:unlit_torch":4,"minecraft:mossy_cobblestone":3,"tensura:raw_silver":10,"minecraft:diamond":16,"minecraft:granite":1,"minecraft:gray_wool":1,"tensura:monster_leather_d":2,"minecraft:coal":58,"minecraft:diamond_pickaxe":1,"minecraft:ender_pearl":1},"minecraft:killed_by":{"tensura:landfish":1,"tensura:leech_lizard":1,"tensura:blade_tiger":2,"minecraft:spider":1,"tensura:barghest":8,"iceandfire:gorgon":1,"tensura:hound_dog":1,"minecraft:skeleton":1,"tensura:slime":1}},"DataVersion":3120}