{"stats":{"minecraft:custom":{"minecraft:mob_kills":74,"minecraft:interact_with_crafting_table":11,"minecraft:leave_game":2,"minecraft:time_since_death":9946,"minecraft:sprint_one_cm":155257,"minecraft:walk_one_cm":141911,"minecraft:drop":21,"minecraft:play_time":69558,"minecraft:deaths":18,"minecraft:sneak_time":249,"minecraft:walk_under_water_one_cm":30876,"minecraft:jump":1093,"minecraft:walk_on_water_one_cm":17465,"minecraft:total_world_time":69558,"minecraft:interact_with_furnace":13,"minecraft:time_since_rest":9740,"minecraft:damage_taken":2147483647,"minecraft:damage_dealt":12492,"minecraft:swim_one_cm":20128,"minecraft:fly_one_cm":244184,"minecraft:open_chest":2,"minecraft:crouch_one_cm":309,"tombstone:undead_killed":27,"minecraft:fall_one_cm":22003},"minecraft:broken":{"minecraft:golden_helmet":1,"minecraft:stone_sword":1,"minecraft:stone_axe":1},"minecraft:mined":{"minecraft:tuff":1,"minecraft:deepslate_diamond_ore":5,"minecraft:oak_door":1,"minecraft:granite":1,"minecraft:grass_block":4,"minecraft:furnace":1,"minecraft:cobbled_deepslate":2,"minecraft:iron_ore":12,"minecraft:sticky_piston":1,"minecraft:andesite":3,"minecraft:deepslate_lapis_ore":3,"minecraft:gold_block":2,"minecraft:deepslate_iron_ore":19,"minecraft:stone":46,"minecraft:white_wool":1,"minecraft:deepslate_redstone_ore":11,"minecraft:crafting_table":3,"minecraft:copper_ore":10,"minecraft:deepslate_gold_ore":25,"minecraft:sugar_cane":3,"minecraft:diorite":2,"minecraft:wall_torch":1,"minecraft:skeleton_skull":7,"minecraft:grass":11,"minecraft:coal_ore":51,"minecraft:oak_log":32,"minecraft:dirt":6,"minecraft:zombie_head":1,"minecraft:gravel":2,"minecraft:flower_pot":1,"minecraft:cracked_stone_bricks":3,"minecraft:stone_bricks":3,"minecraft:mossy_stone_bricks":2,"minecraft:oak_leaves":10,"minecraft:deepslate":29},"minecraft:killed":{"tensura:hound_dog":1,"tensura:bulldeer":5,"tensura:landfish":3,"iceandfire:gorgon":1,"minecraft:spider":7,"tensura:barghest":7,"minecraft:skeleton":2,"tensura:giant_salmon":3,"minecraft:pig":7,"minecraft:salmon":1,"minecraft:creeper":2,"tensura:leech_lizard":3,"minecraft:sheep":3,"tensura:slime":2,"minecraft:zombie":24,"alexsmobs:terrapin":1,"minecraft:enderman":2},"minecraft:dropped":{"minecraft:wheat_seeds":2,"minecraft:prismarine_crystals":2,"minecraft:cracked_stone_bricks":2,"minecraft:gray_wool":1,"tensura:low_quality_magic_crystal":3,"minecraft:diorite":2,"minecraft:iron_pickaxe":1,"minecraft:bone":4,"minecraft:oak_door":1,"minecraft:cobbled_deepslate":4,"minecraft:tuff":2,"minecraft:rotten_flesh":1,"minecraft:light_gray_wool":2,"minecraft:oak_planks":1,"patchouli:guide_book":0,"minecraft:flower_pot":1,"minecraft:stone_pickaxe":1,"minecraft:wooden_pickaxe":1},"minecraft:used":{"minecraft:stone_sword":121,"minecraft:iron_sword":43,"minecraft:oak_door":4,"minecraft:torch":72,"minecraft:dirt":9,"minecraft:mutton":1,"minecraft:furnace":2,"tombstone:gift":4,"minecraft:egg":1,"minecraft:cobbled_deepslate":23,"tensura:low_quality_magic_crystal":47,"tensura:medium_quality_magic_crystal":10,"minecraft:stone_pickaxe":63,"minecraft:oak_planks":1,"minecraft:wooden_pickaxe":6,"minecraft:cracked_stone_bricks":1,"minecraft:crafting_table":4,"minecraft:white_bed":1,"minecraft:diamond_pickaxe":9,"tensura:monster_leather_c":16,"minecraft:iron_pickaxe":165,"tombstone:grave_key":2,"tensura:monster_leather_d":4,"minecraft:stone_axe":86,"minecraft:cobblestone":14,"minecraft:bucket":2},"minecraft:crafted":{"minecraft:oak_door":3,"minecraft:oak_planks":40,"minecraft:furnace":1,"minecraft:iron_axe":1,"minecraft:stone_pickaxe":1,"minecraft:crafting_table":1,"minecraft:wooden_pickaxe":1,"minecraft:iron_sword":1,"minecraft:stone_axe":1,"minecraft:air":0,"minecraft:white_wool":1,"minecraft:diamond_pickaxe":1,"minecraft:stick":40,"minecraft:iron_ingot":13,"minecraft:iron_pickaxe":1,"minecraft:stone_sword":1,"minecraft:white_bed":1,"minecraft:torch":100},"minecraft:picked_up":{"minecraft:crafting_table":3,"minecraft:flower_pot":2,"minecraft:gold_block":2,"minecraft:enchanted_book":1,"tensura:low_quality_magic_crystal":26,"minecraft:string":1,"minecraft:raw_copper":32,"minecraft:zombie_head":1,"minecraft:cracked_stone_bricks":3,"minecraft:cobbled_deepslate":29,"minecraft:light_gray_wool":2,"minecraft:sugar_cane":9,"minecraft:furnace":1,"minecraft:egg":1,"minecraft:raw_iron":31,"minecraft:oak_door":2,"minecraft:torch":1,"minecraft:porkchop":11,"minecraft:diorite":2,"minecraft:redstone":23,"minecraft:prismarine_crystals":1,"minecraft:rotten_flesh":9,"minecraft:mutton":6,"tensura:bulldeer_beef":3,"minecraft:skeleton_skull":7,"minecraft:white_wool":3,"minecraft:cobblestone":46,"minecraft:salmon":6,"minecraft:andesite":3,"minecraft:flint":1,"minecraft:tuff":2,"minecraft:oak_log":31,"minecraft:lapis_lazuli":20,"minecraft:dirt":23,"minecraft:bone":4,"minecraft:wheat_seeds":3,"minecraft:raw_gold":25,"tensura:medium_quality_magic_crystal":1,"tensura:monster_leather_c":3,"minecraft:gravel":1,"minecraft:diamond":5,"minecraft:granite":1,"minecraft:gray_wool":1,"tensura:monster_leather_d":2,"minecraft:coal":51},"minecraft:killed_by":{"tensura:landfish":1,"tensura:leech_lizard":1,"tensura:blade_tiger":2,"minecraft:spider":1,"tensura:barghest":8,"iceandfire:gorgon":1,"tensura:hound_dog":1,"minecraft:skeleton":1,"tensura:slime":1}},"DataVersion":3120}