{"stats":{"minecraft:killed":{"tensura:barghest":1},"minecraft:dropped":{"patchouli:guide_book":0},"minecraft:custom":{"minecraft:time_since_rest":29,"minecraft:sprint_one_cm":4853,"minecraft:play_time":3143,"minecraft:walk_one_cm":6222,"minecraft:damage_taken":329,"minecraft:deaths":2,"minecraft:walk_under_water_one_cm":287,"minecraft:mob_kills":1,"minecraft:drop":0,"minecraft:jump":68,"minecraft:damage_dealt":15,"minecraft:leave_game":0,"minecraft:time_since_death":895,"minecraft:walk_on_water_one_cm":1218,"minecraft:total_world_time":3143,"minecraft:fall_one_cm":836,"minecraft:fly_one_cm":19158},"minecraft:mined":{"minecraft:grass":7,"minecraft:oak_log":1,"minecraft:oak_leaves":3},"minecraft:killed_by":{"tensura:barghest":1,"tensura:slime":1},"minecraft:used":{"tombstone:gift":1}},"DataVersion":3120}