{"stats":{"minecraft:killed":{"minecraft:pig":7,"tensura:bulldeer":2,"tensura:landfish":1,"minecraft:salmon":1,"minecraft:spider":4,"minecraft:creeper":1,"tensura:leech_lizard":1,"tensura:barghest":4,"minecraft:sheep":3,"minecraft:zombie":6,"tensura:giant_salmon":3,"minecraft:enderman":1},"minecraft:dropped":{"patchouli:guide_book":0,"tensura:low_quality_magic_crystal":1},"minecraft:picked_up":{"minecraft:crafting_table":2,"minecraft:salmon":6,"minecraft:andesite":3,"minecraft:gold_block":2,"minecraft:flint":1,"minecraft:tuff":2,"minecraft:oak_log":31,"tensura:low_quality_magic_crystal":5,"minecraft:lapis_lazuli":20,"minecraft:dirt":9,"minecraft:raw_copper":32,"minecraft:bone":3,"minecraft:wheat_seeds":1,"minecraft:cobbled_deepslate":27,"minecraft:raw_gold":25,"minecraft:light_gray_wool":1,"minecraft:furnace":1,"minecraft:raw_iron":31,"minecraft:gravel":1,"minecraft:porkchop":11,"minecraft:redstone":23,"minecraft:rotten_flesh":2,"minecraft:diamond":5,"minecraft:granite":1,"minecraft:gray_wool":1,"tensura:bulldeer_beef":1,"tensura:monster_leather_d":1,"minecraft:coal":19,"minecraft:mutton":6,"minecraft:white_wool":3,"minecraft:cobblestone":33},"minecraft:crafted":{"minecraft:oak_planks":24,"minecraft:crafting_table":1,"minecraft:wooden_pickaxe":1,"minecraft:furnace":1,"minecraft:stone_axe":1,"minecraft:air":0,"minecraft:stick":32,"minecraft:iron_ingot":4,"minecraft:iron_pickaxe":1,"minecraft:stone_pickaxe":1,"minecraft:stone_sword":1,"minecraft:torch":68},"minecraft:custom":{"minecraft:interact_with_furnace":4,"minecraft:mob_kills":34,"minecraft:interact_with_crafting_table":6,"minecraft:leave_game":1,"minecraft:time_since_death":2554,"minecraft:time_since_rest":2327,"minecraft:sprint_one_cm":99450,"minecraft:damage_taken":2537,"minecraft:walk_one_cm":78776,"minecraft:drop":1,"minecraft:damage_dealt":4547,"minecraft:swim_one_cm":1741,"minecraft:fly_one_cm":160421,"minecraft:open_chest":1,"minecraft:crouch_one_cm":241,"minecraft:play_time":38578,"tombstone:undead_killed":6,"minecraft:deaths":11,"minecraft:sneak_time":108,"minecraft:walk_under_water_one_cm":9389,"minecraft:jump":702,"minecraft:walk_on_water_one_cm":8838,"minecraft:total_world_time":38578,"minecraft:fall_one_cm":13392},"minecraft:mined":{"minecraft:deepslate_redstone_ore":11,"minecraft:tuff":1,"minecraft:deepslate_diamond_ore":5,"minecraft:crafting_table":2,"minecraft:granite":1,"minecraft:grass_block":3,"minecraft:copper_ore":10,"minecraft:deepslate_gold_ore":25,"minecraft:furnace":1,"minecraft:iron_ore":12,"minecraft:andesite":3,"minecraft:deepslate_lapis_ore":3,"minecraft:gold_block":2,"minecraft:grass":9,"minecraft:coal_ore":18,"minecraft:oak_log":32,"minecraft:deepslate_iron_ore":19,"minecraft:gravel":2,"minecraft:dirt":6,"minecraft:stone":33,"minecraft:white_wool":1,"minecraft:oak_leaves":10,"minecraft:deepslate":29},"minecraft:killed_by":{"minecraft:skeleton":1,"minecraft:spider":1,"tensura:barghest":7,"tensura:slime":1},"minecraft:used":{"minecraft:stone_sword":96,"minecraft:stone_pickaxe":63,"minecraft:oak_planks":1,"minecraft:wooden_pickaxe":6,"minecraft:torch":60,"minecraft:dirt":9,"minecraft:mutton":1,"minecraft:crafting_table":2,"minecraft:iron_pickaxe":108,"minecraft:stone_axe":37,"minecraft:cobblestone":14,"minecraft:furnace":1,"minecraft:bucket":2,"tombstone:gift":3,"minecraft:cobbled_deepslate":8}},"DataVersion":3120}