{"stats":{"minecraft:killed":{"tensura:hound_dog":1,"minecraft:pig":7,"tensura:bulldeer":4,"tensura:landfish":3,"minecraft:salmon":1,"minecraft:spider":4,"minecraft:creeper":1,"tensura:leech_lizard":3,"tensura:barghest":7,"minecraft:sheep":3,"tensura:slime":2,"minecraft:zombie":6,"tensura:giant_salmon":3,"minecraft:enderman":1},"minecraft:dropped":{"patchouli:guide_book":0,"tensura:low_quality_magic_crystal":3},"minecraft:picked_up":{"minecraft:crafting_table":2,"minecraft:salmon":6,"minecraft:andesite":3,"minecraft:gold_block":2,"minecraft:flint":1,"minecraft:tuff":2,"minecraft:oak_log":31,"tensura:low_quality_magic_crystal":8,"minecraft:lapis_lazuli":20,"minecraft:dirt":9,"minecraft:raw_copper":32,"minecraft:bone":3,"minecraft:wheat_seeds":1,"minecraft:cobbled_deepslate":29,"minecraft:raw_gold":25,"minecraft:light_gray_wool":1,"tensura:medium_quality_magic_crystal":1,"minecraft:sugar_cane":9,"tensura:monster_leather_c":3,"minecraft:furnace":1,"minecraft:raw_iron":31,"minecraft:gravel":1,"minecraft:porkchop":11,"minecraft:redstone":23,"minecraft:rotten_flesh":2,"minecraft:diamond":5,"minecraft:granite":1,"minecraft:gray_wool":1,"tensura:bulldeer_beef":1,"tensura:monster_leather_d":1,"minecraft:coal":23,"minecraft:mutton":6,"minecraft:white_wool":3,"minecraft:cobblestone":45},"minecraft:broken":{"minecraft:stone_sword":1},"minecraft:crafted":{"minecraft:oak_planks":24,"minecraft:crafting_table":1,"minecraft:wooden_pickaxe":1,"minecraft:furnace":1,"minecraft:stone_axe":1,"minecraft:air":0,"minecraft:stick":32,"minecraft:iron_ingot":4,"minecraft:iron_pickaxe":1,"minecraft:stone_pickaxe":1,"minecraft:stone_sword":1,"minecraft:torch":72},"minecraft:custom":{"minecraft:interact_with_furnace":4,"minecraft:mob_kills":46,"minecraft:interact_with_crafting_table":6,"minecraft:leave_game":2,"minecraft:time_since_death":3957,"minecraft:time_since_rest":3831,"minecraft:sprint_one_cm":134721,"minecraft:damage_taken":5026,"minecraft:walk_one_cm":103722,"minecraft:drop":3,"minecraft:damage_dealt":6637,"minecraft:swim_one_cm":6267,"minecraft:fly_one_cm":224450,"minecraft:open_chest":1,"minecraft:crouch_one_cm":297,"minecraft:play_time":51957,"tombstone:undead_killed":6,"minecraft:deaths":17,"minecraft:sneak_time":180,"minecraft:walk_under_water_one_cm":16121,"minecraft:jump":981,"minecraft:walk_on_water_one_cm":13480,"minecraft:total_world_time":51957,"minecraft:fall_one_cm":20156},"minecraft:mined":{"minecraft:deepslate_redstone_ore":11,"minecraft:tuff":1,"minecraft:deepslate_diamond_ore":5,"minecraft:crafting_table":2,"minecraft:granite":1,"minecraft:grass_block":3,"minecraft:copper_ore":10,"minecraft:deepslate_gold_ore":25,"minecraft:sugar_cane":3,"minecraft:furnace":1,"minecraft:iron_ore":12,"minecraft:cobbled_deepslate":2,"minecraft:andesite":3,"minecraft:deepslate_lapis_ore":3,"minecraft:gold_block":2,"minecraft:grass":11,"minecraft:coal_ore":22,"minecraft:oak_log":32,"minecraft:deepslate_iron_ore":19,"minecraft:gravel":2,"minecraft:dirt":6,"minecraft:stone":46,"minecraft:white_wool":1,"minecraft:oak_leaves":10,"minecraft:deepslate":29},"minecraft:killed_by":{"tensura:landfish":1,"tensura:leech_lizard":1,"tensura:hound_dog":1,"tensura:blade_tiger":2,"minecraft:skeleton":1,"minecraft:spider":1,"tensura:barghest":8,"tensura:slime":1},"minecraft:used":{"tensura:low_quality_magic_crystal":2,"minecraft:stone_sword":121,"minecraft:stone_pickaxe":63,"minecraft:oak_planks":1,"minecraft:wooden_pickaxe":6,"minecraft:torch":63,"minecraft:dirt":9,"minecraft:mutton":1,"minecraft:crafting_table":2,"minecraft:iron_pickaxe":127,"tombstone:grave_key":2,"minecraft:stone_axe":47,"minecraft:cobblestone":14,"minecraft:furnace":1,"minecraft:bucket":2,"tombstone:gift":3,"minecraft:cobbled_deepslate":23}},"DataVersion":3120}