{"stats":{"minecraft:mined":{"minecraft:furnace":1,"minecraft:birch_log":33,"minecraft:birch_leaves":2,"minecraft:crafting_table":1,"minecraft:grass":4,"minecraft:grass_block":1,"minecraft:coal_ore":62,"minecraft:melon":10,"minecraft:vine":1,"minecraft:mushroom_stem":3,"minecraft:copper_ore":6,"minecraft:bamboo":1,"minecraft:stone":48,"minecraft:oak_leaves":1,"minecraft:fern":1},"minecraft:used":{"ironfurnaces:copper_furnace":1,"minecraft:stone_sword":19,"minecraft:birch_planks":1,"minecraft:melon_slice":15,"minecraft:stone_pickaxe":109,"minecraft:wooden_pickaxe":8,"minecraft:torch":5,"minecraft:stone_axe":49,"minecraft:dirt":17,"minecraft:crafting_table":2,"minecraft:furnace":1,"minecraft:oak_sapling":1,"tombstone:gift":2},"minecraft:crafted":{"ironfurnaces:copper_furnace":1,"minecraft:crafting_table":1,"minecraft:stick":12,"minecraft:wooden_pickaxe":1,"minecraft:stone_pickaxe":1,"minecraft:stone_sword":1,"minecraft:furnace":2,"minecraft:copper_ingot":13,"minecraft:torch":16,"minecraft:birch_planks":28,"minecraft:stone_axe":1,"minecraft:air":0},"minecraft:custom":{"minecraft:time_since_rest":7834,"minecraft:interact_with_furnace":5,"minecraft:sprint_one_cm":34396,"minecraft:damage_taken":1191,"minecraft:walk_one_cm":28675,"minecraft:mob_kills":15,"minecraft:drop":2,"minecraft:damage_dealt":1017,"minecraft:interact_with_crafting_table":5,"minecraft:fly_one_cm":42723,"minecraft:play_time":24684,"minecraft:crouch_one_cm":46,"tombstone:undead_killed":4,"minecraft:deaths":4,"minecraft:sneak_time":16,"minecraft:walk_under_water_one_cm":205,"minecraft:damage_dealt_resisted":0,"minecraft:jump":377,"minecraft:leave_game":1,"minecraft:time_since_death":8005,"minecraft:walk_on_water_one_cm":2380,"minecraft:total_world_time":24684,"minecraft:climb_one_cm":5303,"minecraft:fall_one_cm":12774},"minecraft:dropped":{"minecraft:wooden_pickaxe":1,"minecraft:stick":1},"minecraft:killed":{"tensura:one_eyed_owl":2,"minecraft:skeleton":3,"tensura:dragon_peacock":2,"minecraft:parrot":2,"minecraft:zombie":1,"tensura:horned_rabbit":1,"minecraft:creeper":1,"minecraft:cow":3},"minecraft:killed_by":{"tensura:barghest":1,"tensura:evil_centipede":1,"tensura:direwolf":2},"minecraft:picked_up":{"minecraft:birch_log":33,"minecraft:crafting_table":1,"minecraft:copper_ingot":2,"minecraft:oak_log":1,"tombstone:grave_dust":1,"tensura:low_quality_magic_crystal":2,"minecraft:dirt":17,"minecraft:raw_copper":27,"minecraft:arrow":1,"minecraft:rotten_flesh":1,"minecraft:wheat_seeds":2,"minecraft:bamboo":5,"minecraft:oak_sapling":1,"minecraft:melon_slice":47,"minecraft:coal":67,"minecraft:cobblestone":48,"minecraft:furnace":1}},"DataVersion":3120}