{"stats":{"minecraft:killed":{"tensura:barghest":3,"minecraft:zombie":5,"minecraft:enderman":1},"minecraft:dropped":{"tensura:low_quality_magic_crystal":1,"patchouli:guide_book":0},"minecraft:picked_up":{"minecraft:crafting_table":1,"minecraft:andesite":3,"minecraft:oak_log":14,"tensura:low_quality_magic_crystal":2,"minecraft:dirt":9,"minecraft:raw_copper":32,"minecraft:rotten_flesh":2,"minecraft:wheat_seeds":1,"minecraft:granite":1,"minecraft:mutton":1,"minecraft:coal":17,"minecraft:white_wool":1,"minecraft:cobblestone":27},"minecraft:crafted":{"minecraft:oak_planks":20,"minecraft:crafting_table":1,"minecraft:stick":24,"minecraft:wooden_pickaxe":1,"minecraft:stone_pickaxe":1,"minecraft:stone_sword":1,"minecraft:torch":44,"minecraft:stone_axe":1},"minecraft:custom":{"minecraft:time_since_rest":5290,"minecraft:sprint_one_cm":26128,"minecraft:damage_taken":1424,"minecraft:walk_one_cm":29835,"minecraft:mob_kills":9,"minecraft:drop":1,"minecraft:damage_dealt":1474,"minecraft:interact_with_crafting_table":4,"minecraft:fly_one_cm":63157,"minecraft:play_time":15143,"tombstone:undead_killed":5,"minecraft:deaths":7,"minecraft:walk_under_water_one_cm":287,"minecraft:jump":248,"minecraft:leave_game":0,"minecraft:walk_on_water_one_cm":1218,"minecraft:time_since_death":5693,"minecraft:total_world_time":15143,"minecraft:fall_one_cm":2634},"minecraft:mined":{"minecraft:iron_ore":1,"minecraft:andesite":3,"minecraft:crafting_table":1,"minecraft:granite":1,"minecraft:grass":9,"minecraft:coal_ore":17,"minecraft:grass_block":3,"minecraft:oak_log":15,"minecraft:dirt":6,"minecraft:copper_ore":10,"minecraft:stone":27,"minecraft:oak_leaves":10},"minecraft:killed_by":{"tensura:barghest":6,"tensura:slime":1},"minecraft:used":{"minecraft:stone_sword":32,"minecraft:stone_pickaxe":54,"minecraft:oak_planks":1,"minecraft:wooden_pickaxe":6,"minecraft:stone_axe":19,"minecraft:torch":1,"minecraft:dirt":3,"minecraft:crafting_table":1,"tombstone:gift":3}},"DataVersion":3120}