{"stats":{"minecraft:mined":{"minecraft:grass":5,"minecraft:tall_seagrass":1,"minecraft:oak_log":1,"minecraft:jungle_planks":1,"minecraft:jungle_log":10,"minecraft:dirt":1,"minecraft:jungle_leaves":1,"minecraft:oak_leaves":1},"minecraft:used":{"minecraft:dirt":1,"minecraft:crafting_table":1,"minecraft:jungle_planks":14},"minecraft:crafted":{"minecraft:crafting_table":1,"minecraft:jungle_planks":40},"minecraft:custom":{"minecraft:time_since_rest":16183,"minecraft:crouch_one_cm":29,"minecraft:sprint_one_cm":3135,"minecraft:play_time":16183,"minecraft:damage_taken":294,"minecraft:walk_one_cm":14751,"minecraft:sneak_time":34,"minecraft:walk_under_water_one_cm":14122,"minecraft:drop":2,"minecraft:damage_dealt_resisted":0,"minecraft:jump":51,"minecraft:damage_dealt":4,"minecraft:time_since_death":16183,"minecraft:leave_game":3,"minecraft:walk_on_water_one_cm":1798,"minecraft:climb_one_cm":479,"minecraft:total_world_time":16183,"minecraft:damage_resisted":0,"minecraft:interact_with_crafting_table":1,"minecraft:swim_one_cm":29404,"minecraft:fall_one_cm":2310,"minecraft:fly_one_cm":2289},"minecraft:dropped":{"minecraft:wheat_seeds":2},"minecraft:picked_up":{"minecraft:jungle_log":10,"minecraft:wheat_seeds":2,"minecraft:jungle_planks":1,"minecraft:oak_log":1,"minecraft:jungle_sapling":2,"minecraft:dirt":1}},"DataVersion":3120}