{"stats":{"minecraft:killed":{"tensura:hound_dog":1,"tensura:barghest":4,"minecraft:skeleton":3,"tensura:slime":4,"tensura:bulldeer":1,"minecraft:zombie":1,"minecraft:pig":1,"minecraft:spider":4,"tensura:direwolf":2,"minecraft:sheep":1,"tensura:leech_lizard":4},"minecraft:picked_up":{"minecraft:raw_iron":1,"minecraft:stick":1,"minecraft:salmon":5,"minecraft:porkchop":1,"minecraft:flint":1,"tensura:slime_chunk":13,"minecraft:oak_log":33,"tombstone:grave_dust":2,"tensura:low_quality_magic_crystal":17,"minecraft:spider_eye":2,"minecraft:dirt":2,"minecraft:string":6,"minecraft:bone":6,"minecraft:arrow":3,"minecraft:wheat_seeds":1,"minecraft:hay_block":10,"minecraft:oak_planks":4,"tensura:bulldeer_beef":1,"minecraft:oak_sapling":4,"minecraft:white_wool":1,"minecraft:mutton":2,"tensura:medium_quality_magic_crystal":9,"tensura:monster_leather_d":2,"minecraft:coal":49,"tensura:monster_leather_c":15,"minecraft:cobblestone":27,"minecraft:egg":1},"minecraft:crafted":{"minecraft:oak_planks":124,"minecraft:crafting_table":1,"minecraft:stick":8,"minecraft:wooden_pickaxe":1,"minecraft:stone_pickaxe":1,"minecraft:stone_sword":1,"minecraft:stone_axe":1,"minecraft:bread":30,"minecraft:wheat":90},"minecraft:custom":{"minecraft:time_since_rest":32845,"minecraft:sprint_one_cm":31630,"minecraft:damage_taken":1380,"minecraft:walk_one_cm":199950,"minecraft:mob_kills":26,"minecraft:damage_dealt":6769,"minecraft:swim_one_cm":11478,"minecraft:interact_with_crafting_table":9,"minecraft:fly_one_cm":23654,"minecraft:open_chest":1,"minecraft:play_time":54411,"minecraft:crouch_one_cm":5881,"tombstone:undead_killed":4,"minecraft:deaths":1,"minecraft:sneak_time":1282,"minecraft:walk_under_water_one_cm":5990,"minecraft:jump":352,"minecraft:leave_game":1,"minecraft:time_since_death":33226,"minecraft:walk_on_water_one_cm":17965,"minecraft:sleep_in_bed":1,"minecraft:total_world_time":54411,"minecraft:climb_one_cm":560,"minecraft:fall_one_cm":5189},"minecraft:mined":{"minecraft:hay_block":10,"minecraft:iron_ore":1,"minecraft:coal_ore":49,"minecraft:grass":6,"minecraft:grass_block":2,"minecraft:oak_log":33,"minecraft:gravel":1,"minecraft:oak_planks":4,"minecraft:stone":27,"minecraft:oak_leaves":18},"minecraft:killed_by":{"tensura:barghest":1},"minecraft:used":{"minecraft:stone_sword":30,"minecraft:stone_pickaxe":65,"minecraft:oak_planks":114,"minecraft:wooden_pickaxe":12,"minecraft:stone_axe":52,"minecraft:crafting_table":1,"minecraft:oak_log":2}},"DataVersion":3120}