{"stats":{"minecraft:killed":{"tensura:barghest":1,"minecraft:spider":3,"minecraft:skeleton":3,"minecraft:zombie":1,"minecraft:pig":1,"tensura:leech_lizard":1},"minecraft:picked_up":{"minecraft:bone":6,"minecraft:arrow":3,"minecraft:salmon":5,"minecraft:wheat_seeds":1,"minecraft:hay_block":5,"minecraft:porkchop":1,"minecraft:oak_log":2,"tombstone:grave_dust":2,"tensura:medium_quality_magic_crystal":2,"tensura:low_quality_magic_crystal":10,"minecraft:spider_eye":2,"minecraft:string":5},"minecraft:custom":{"minecraft:crouch_one_cm":289,"minecraft:time_since_rest":3182,"minecraft:play_time":17625,"minecraft:sprint_one_cm":24830,"minecraft:damage_taken":266,"tombstone:undead_killed":4,"minecraft:walk_one_cm":56550,"minecraft:sneak_time":158,"minecraft:walk_under_water_one_cm":2377,"minecraft:mob_kills":10,"minecraft:jump":108,"minecraft:damage_dealt":1909,"minecraft:time_since_death":17625,"minecraft:walk_on_water_one_cm":7690,"minecraft:sleep_in_bed":1,"minecraft:climb_one_cm":560,"minecraft:total_world_time":17625,"minecraft:fall_one_cm":2392,"minecraft:fly_one_cm":11880},"minecraft:mined":{"minecraft:hay_block":5,"minecraft:grass":4,"minecraft:oak_log":2,"minecraft:oak_leaves":1}},"DataVersion":3120}