{"stats":{"minecraft:killed":{"tensura:hound_dog":1,"tensura:barghest":3,"minecraft:skeleton":3,"minecraft:zombie":1,"minecraft:pig":1,"minecraft:spider":3,"tensura:leech_lizard":1},"minecraft:picked_up":{"minecraft:stick":1,"minecraft:salmon":5,"minecraft:porkchop":1,"minecraft:oak_log":7,"tombstone:grave_dust":2,"tensura:low_quality_magic_crystal":12,"minecraft:dirt":2,"minecraft:spider_eye":2,"minecraft:string":5,"minecraft:bone":6,"minecraft:arrow":3,"minecraft:wheat_seeds":1,"minecraft:hay_block":10,"tensura:medium_quality_magic_crystal":3,"tensura:monster_leather_d":2,"tensura:monster_leather_c":4,"minecraft:cobblestone":12,"minecraft:egg":1},"minecraft:crafted":{"minecraft:oak_planks":12,"minecraft:crafting_table":1,"minecraft:stick":8,"minecraft:wooden_pickaxe":1,"minecraft:stone_pickaxe":1,"minecraft:stone_sword":1,"minecraft:stone_axe":1,"minecraft:bread":30,"minecraft:wheat":90},"minecraft:custom":{"minecraft:time_since_rest":11905,"minecraft:sprint_one_cm":24993,"minecraft:damage_taken":916,"minecraft:walk_one_cm":116217,"minecraft:mob_kills":13,"minecraft:damage_dealt":3009,"minecraft:interact_with_crafting_table":8,"minecraft:fly_one_cm":14983,"minecraft:open_chest":1,"minecraft:play_time":33471,"minecraft:crouch_one_cm":289,"tombstone:undead_killed":4,"minecraft:deaths":1,"minecraft:sneak_time":159,"minecraft:walk_under_water_one_cm":2377,"minecraft:jump":193,"minecraft:leave_game":1,"minecraft:time_since_death":12286,"minecraft:walk_on_water_one_cm":7690,"minecraft:sleep_in_bed":1,"minecraft:total_world_time":33471,"minecraft:climb_one_cm":560,"minecraft:fall_one_cm":3085},"minecraft:mined":{"minecraft:hay_block":10,"minecraft:grass":6,"minecraft:grass_block":2,"minecraft:oak_log":7,"minecraft:stone":12,"minecraft:oak_leaves":1},"minecraft:killed_by":{"tensura:barghest":1},"minecraft:used":{"minecraft:stone_sword":2,"minecraft:wooden_pickaxe":12,"minecraft:stone_axe":4,"minecraft:crafting_table":1}},"DataVersion":3120}