{"stats":{"minecraft:killed":{"tensura:hound_dog":1,"tensura:barghest":3,"minecraft:skeleton":3,"minecraft:zombie":1,"minecraft:pig":1,"minecraft:spider":4,"tensura:leech_lizard":1},"minecraft:picked_up":{"minecraft:raw_iron":1,"minecraft:stick":1,"minecraft:salmon":5,"minecraft:porkchop":1,"minecraft:oak_log":7,"tombstone:grave_dust":2,"tensura:low_quality_magic_crystal":13,"minecraft:spider_eye":2,"minecraft:dirt":2,"minecraft:string":6,"minecraft:bone":6,"minecraft:arrow":3,"minecraft:wheat_seeds":1,"minecraft:hay_block":10,"tensura:medium_quality_magic_crystal":3,"tensura:monster_leather_d":2,"minecraft:coal":49,"tensura:monster_leather_c":4,"minecraft:cobblestone":23,"minecraft:egg":1},"minecraft:crafted":{"minecraft:oak_planks":12,"minecraft:crafting_table":1,"minecraft:stick":8,"minecraft:wooden_pickaxe":1,"minecraft:stone_pickaxe":1,"minecraft:stone_sword":1,"minecraft:stone_axe":1,"minecraft:bread":30,"minecraft:wheat":90},"minecraft:custom":{"minecraft:time_since_rest":20845,"minecraft:sprint_one_cm":24993,"minecraft:damage_taken":1006,"minecraft:walk_one_cm":141805,"minecraft:mob_kills":14,"minecraft:damage_dealt":3169,"minecraft:swim_one_cm":11347,"minecraft:interact_with_crafting_table":9,"minecraft:fly_one_cm":16976,"minecraft:open_chest":1,"minecraft:play_time":42411,"minecraft:crouch_one_cm":289,"tombstone:undead_killed":4,"minecraft:deaths":1,"minecraft:sneak_time":189,"minecraft:walk_under_water_one_cm":5877,"minecraft:jump":262,"minecraft:leave_game":1,"minecraft:time_since_death":21226,"minecraft:walk_on_water_one_cm":16338,"minecraft:sleep_in_bed":1,"minecraft:total_world_time":42411,"minecraft:climb_one_cm":560,"minecraft:fall_one_cm":3354},"minecraft:mined":{"minecraft:hay_block":10,"minecraft:iron_ore":1,"minecraft:coal_ore":49,"minecraft:grass":6,"minecraft:grass_block":2,"minecraft:oak_log":7,"minecraft:stone":23,"minecraft:oak_leaves":1},"minecraft:killed_by":{"tensura:barghest":1},"minecraft:used":{"minecraft:stone_sword":6,"minecraft:stone_pickaxe":61,"minecraft:wooden_pickaxe":12,"minecraft:stone_axe":4,"minecraft:crafting_table":1}},"DataVersion":3120}