{
  "minecraft:recipes/decorations/smoker": {
    "criteria": {
      "has_furnace": "2024-11-17 19:06:02 +0000"
    },
    "done": true
  },
  "minecraft:recipes/building_blocks/raw_copper_block": {
    "criteria": {
      "has_raw_copper": "2024-11-17 19:01:47 +0000"
    },
    "done": true
  },
  "minecraft:recipes/tools/wooden_axe": {
    "criteria": {
      "has_stick": "2024-11-17 18:55:55 +0000"
    },
    "done": true
  },
  "create:recipes/create.base/crafting/kinetics/fluid_pipe_vertical": {
    "criteria": {
      "has_item": "2024-11-17 19:06:19 +0000"
    },
    "done": true
  },
  "minecraft:recipes/redstone/lever": {
    "criteria": {
      "has_cobblestone": "2024-11-17 18:56:07 +0000"
    },
    "done": true
  },
  "minecraft:recipes/building_blocks/cobblestone_stairs_from_cobblestone_stonecutting": {
    "criteria": {
      "has_cobblestone": "2024-11-17 18:56:07 +0000"
    },
    "done": true
  },
  "farmersdelight:recipes/farmersdelight/organic_compost_from_rotten_flesh": {
    "criteria": {
      "has_rotten_flesh": "2024-11-17 19:03:49 +0000"
    },
    "done": true
  },
  "tensura:d_rank": {
    "criteria": {
      "custom": "2024-11-17 18:49:17 +0000"
    },
    "done": true
  },
  "create:recipes/create.base/crafting/appliances/copper_backtank": {
    "criteria": {
      "has_item": "2024-11-17 19:06:19 +0000"
    },
    "done": true
  },
  "create:copper": {
    "criteria": {
      "0": "2024-11-17 19:06:19 +0000"
    },
    "done": true
  },
  "create:recipes/create.base/crafting/appliances/copper_diving_boots": {
    "criteria": {
      "has_item": "2024-11-17 19:06:19 +0000"
    },
    "done": true
  },
  "minecraft:recipes/redstone/birch_pressure_plate": {
    "criteria": {
      "has_planks": "2024-11-17 18:55:54 +0000"
    },
    "done": true
  },
  "minecraft:recipes/decorations/crafting_table": {
    "criteria": {
      "has_planks": "2024-11-17 18:55:54 +0000"
    },
    "done": true
  },
  "minecraft:recipes/decorations/campfire": {
    "criteria": {
      "has_stick": "2024-11-17 18:55:55 +0000"
    },
    "done": true
  },
  "minecraft:recipes/building_blocks/copper_block": {
    "criteria": {
      "has_copper_ingot": "2024-11-17 19:06:19 +0000"
    },
    "done": true
  },
  "minecraft:recipes/misc/melon_seeds": {
    "criteria": {
      "has_melon": "2024-11-17 18:51:54 +0000"
    },
    "done": true
  },
  "minecraft:recipes/decorations/scaffolding": {
    "criteria": {
      "has_bamboo": "2024-11-17 19:03:03 +0000"
    },
    "done": true
  },
  "iceandfire:iceandfire/root": {
    "criteria": {
      "tick": "2024-11-17 18:49:17 +0000"
    },
    "done": true
  },
  "minecraft:recipes/decorations/ladder": {
    "criteria": {
      "has_stick": "2024-11-17 18:55:55 +0000"
    },
    "done": true
  },
  "minecraft:recipes/decorations/chest": {
    "criteria": {
      "has_lots_of_items": "2024-11-17 18:56:29 +0000"
    },
    "done": true
  },
  "create:recipes/create.palettes/copper_shingles_from_ingots_copper_stonecutting": {
    "criteria": {
      "has_ingots_copper": "2024-11-17 19:06:19 +0000"
    },
    "done": true
  },
  "minecraft:recipes/redstone/birch_button": {
    "criteria": {
      "has_planks": "2024-11-17 18:55:54 +0000"
    },
    "done": true
  },
  "create:recipes/create.base/crafting/kinetics/fluid_valve": {
    "criteria": {
      "has_item": "2024-11-17 19:06:19 +0000"
    },
    "done": true
  },
  "minecraft:recipes/transportation/mangrove_boat": {
    "criteria": {
      "in_water": "2024-11-17 19:02:05 +0000"
    },
    "done": true
  },
  "create:recipes/create.base/crafting/kinetics/copper_valve_handle_from_others": {
    "criteria": {
      "has_item": "2024-11-17 19:06:19 +0000"
    },
    "done": true
  },
  "minecraft:recipes/tools/wooden_shovel": {
    "criteria": {
      "has_stick": "2024-11-17 18:55:55 +0000"
    },
    "done": true
  },
  "create:recipes/create.base/crafting/kinetics/steam_engine": {
    "criteria": {
      "has_item": "2024-11-17 19:06:19 +0000"
    },
    "done": true
  },
  "apotheosis:give_book": {
    "criteria": {
      "tick": "2024-11-17 18:49:17 +0000"
    },
    "done": true
  },
  "minecraft:recipes/decorations/torch": {
    "criteria": {
      "has_stone_pickaxe": "2024-11-17 18:56:17 +0000"
    },
    "done": true
  },
  "tensura:recipes/tensura_misc/sakura_boat": {
    "criteria": {
      "in_water": "2024-11-17 19:02:05 +0000"
    },
    "done": true
  },
  "minecraft:recipes/tensura_food/bottles_of_low_crystal": {
    "criteria": {
      "has_low_crystal": "2024-11-17 19:00:04 +0000"
    },
    "done": true
  },
  "minecraft:recipes/misc/stick": {
    "criteria": {
      "has_planks": "2024-11-17 18:55:54 +0000"
    },
    "done": true
  },
  "tensura:recipes/tensura_dungeon/unlit_torch": {
    "criteria": {
      "has_torch": "2024-11-17 19:01:30 +0000"
    },
    "done": true
  },
  "minecraft:recipes/building_blocks/coal_block": {
    "criteria": {
      "has_coal": "2024-11-17 19:00:45 +0000"
    },
    "done": true
  },
  "tombstone:adventure/cancel_ghostly_shape": {
    "criteria": {
      "coded_trigger": "2024-11-17 18:58:03 +0000"
    },
    "done": true
  },
  "minecraft:recipes/transportation/spruce_boat": {
    "criteria": {
      "in_water": "2024-11-17 19:02:05 +0000"
    },
    "done": true
  },
  "minecraft:recipes/combat/wooden_sword": {
    "criteria": {
      "has_stick": "2024-11-17 18:55:55 +0000"
    },
    "done": true
  },
  "minecraft:recipes/tools/stone_shovel": {
    "criteria": {
      "has_cobblestone": "2024-11-17 18:56:07 +0000"
    },
    "done": true
  },
  "minecraft:recipes/building_blocks/oak_planks": {
    "criteria": {
      "has_logs": "2024-11-17 19:04:38 +0000"
    },
    "done": true
  },
  "tombstone:adventure/root": {
    "criteria": {
      "auto": "2024-11-17 18:49:19 +0000"
    },
    "done": true
  },
  "sophisticatedstorage:recipes/sophisticatedstorage/birch_limited_barrel_1": {
    "criteria": {
      "has_birch_plank": "2024-11-17 18:55:54 +0000"
    },
    "done": true
  },
  "tombstone:adventure/chain_death": {
    "criteria": {
      "coded_trigger": "2024-11-17 18:58:31 +0000"
    },
    "done": true
  },
  "irons_spellbooks:grant_patchouli": {
    "criteria": {
      "tick": "2024-11-17 18:49:17 +0000"
    },
    "done": true
  },
  "tombstone:adventure/find_grave_dust": {
    "criteria": {
      "from_undead": "2024-11-17 19:04:24 +0000"
    },
    "done": true
  },
  "minecraft:husbandry/balanced_diet": {
    "criteria": {
      "melon_slice": "2024-11-17 18:51:59 +0000"
    },
    "done": false
  },
  "minecraft:recipes/tools/wooden_hoe": {
    "criteria": {
      "has_stick": "2024-11-17 18:55:55 +0000"
    },
    "done": true
  },
  "tombstone:recipes/from_grave_key": {
    "criteria": {
      "has_ingredient": "2024-11-17 18:57:51 +0000"
    },
    "done": true
  },
  "minecraft:recipes/building_blocks/cobblestone_slab": {
    "criteria": {
      "has_cobblestone": "2024-11-17 18:56:07 +0000"
    },
    "done": true
  },
  "create:recipes/create.base/crafting/materials/copper_nugget": {
    "criteria": {
      "has_item": "2024-11-17 19:06:19 +0000"
    },
    "done": true
  },
  "minecraft:recipes/building_blocks/birch_planks": {
    "criteria": {
      "has_logs": "2024-11-17 18:55:22 +0000"
    },
    "done": true
  },
  "minecraft:recipes/building_blocks/cobblestone_stairs": {
    "criteria": {
      "has_cobblestone": "2024-11-17 18:56:07 +0000"
    },
    "done": true
  },
  "minecraft:recipes/building_blocks/birch_slab": {
    "criteria": {
      "has_planks": "2024-11-17 18:55:54 +0000"
    },
    "done": true
  },
  "create:recipes/create.palettes/copper_tiles_from_ingots_copper_stonecutting": {
    "criteria": {
      "has_ingots_copper": "2024-11-17 19:06:19 +0000"
    },
    "done": true
  },
  "sophisticatedstorage:recipes/sophisticatedstorage/birch_chest": {
    "criteria": {
      "has_birch_plank": "2024-11-17 18:55:54 +0000"
    },
    "done": true
  },
  "minecraft:recipes/building_blocks/oak_wood": {
    "criteria": {
      "has_log": "2024-11-17 19:04:38 +0000"
    },
    "done": true
  },
  "create:recipes/create.palettes/copper_scaffolding_from_ingots_copper_stonecutting": {
    "criteria": {
      "has_ingots_copper": "2024-11-17 19:06:19 +0000"
    },
    "done": true
  },
  "minecraft:recipes/redstone/birch_fence_gate": {
    "criteria": {
      "has_planks": "2024-11-17 18:55:54 +0000"
    },
    "done": true
  },
  "minecraft:story/root": {
    "criteria": {
      "crafting_table": "2024-11-17 18:55:56 +0000"
    },
    "done": true
  },
  "tombstone:adventure/first_grave": {
    "criteria": {
      "coded_trigger": "2024-11-17 18:57:49 +0000"
    },
    "done": true
  },
  "minecraft:recipes/combat/crossbow": {
    "criteria": {
      "has_stick": "2024-11-17 18:55:55 +0000"
    },
    "done": true
  },
  "create:recipes/create.base/crafting/kinetics/copper_valve_handle": {
    "criteria": {
      "has_item": "2024-11-17 19:06:19 +0000"
    },
    "done": true
  },
  "sophisticatedstorage:recipes/sophisticatedstorage/birch_limited_barrel_3": {
    "criteria": {
      "has_birch_plank": "2024-11-17 18:55:54 +0000"
    },
    "done": true
  },
  "sophisticatedstorage:recipes/sophisticatedstorage/birch_limited_barrel_2": {
    "criteria": {
      "has_birch_plank": "2024-11-17 18:55:54 +0000"
    },
    "done": true
  },
  "sophisticatedstorage:recipes/sophisticatedstorage/birch_limited_barrel_4": {
    "criteria": {
      "has_birch_plank": "2024-11-17 18:55:54 +0000"
    },
    "done": true
  },
  "create:recipes/create.palettes/copper_ladder_from_ingots_copper_stonecutting": {
    "criteria": {
      "has_ingots_copper": "2024-11-17 19:06:19 +0000"
    },
    "done": true
  },
  "tensura:recipes/tensura_misc/palm_boat": {
    "criteria": {
      "in_water": "2024-11-17 19:02:05 +0000"
    },
    "done": true
  },
  "betterdungeons:root": {
    "criteria": {
      "always": "2024-11-17 18:49:17 +0000"
    },
    "done": true
  },
  "minecraft:adventure/kill_a_mob": {
    "criteria": {
      "minecraft:creeper": "2024-11-17 18:51:31 +0000"
    },
    "done": true
  },
  "create:recipes/create.base/crafting/appliances/crafting_blueprint": {
    "criteria": {
      "has_item": "2024-11-17 18:55:56 +0000"
    },
    "done": true
  },
  "tensura:recipes/tensura_blocks/smithing_bench": {
    "criteria": {
      "has_crafting_table": "2024-11-17 18:55:56 +0000"
    },
    "done": true
  },
  "tensura:grow_spurt": {
    "criteria": {
      "custom": "2024-11-17 19:00:42 +0000"
    },
    "done": true
  },
  "farmersdelight:recipes/farmersdelight/melon_juice": {
    "criteria": {
      "has_melon_slice": "2024-11-17 18:51:54 +0000"
    },
    "done": true
  },
  "farmersdelight:recipes/farmersdelight/flint_knife": {
    "criteria": {
      "has_stick": "2024-11-17 18:55:55 +0000"
    },
    "done": true
  },
  "tombstone:recipes/from_grave_dust": {
    "criteria": {
      "has_ingredient": "2024-11-17 19:01:23 +0000"
    },
    "done": true
  },
  "minecraft:story/mine_stone": {
    "criteria": {
      "get_stone": "2024-11-17 18:56:07 +0000"
    },
    "done": true
  },
  "minecraft:recipes/building_blocks/stone": {
    "criteria": {
      "has_cobblestone": "2024-11-17 18:56:07 +0000"
    },
    "done": true
  },
  "minecraft:recipes/decorations/furnace": {
    "criteria": {
      "has_cobblestone": "2024-11-17 18:56:07 +0000"
    },
    "done": true
  },
  "minecraft:adventure/adventuring_time": {
    "criteria": {
      "minecraft:birch_forest": "2024-11-17 18:55:15 +0000",
      "minecraft:dark_forest": "2024-11-17 18:53:17 +0000",
      "minecraft:jungle": "2024-11-17 18:49:19 +0000",
      "minecraft:meadow": "2024-11-17 18:56:09 +0000"
    },
    "done": false
  },
  "minecraft:recipes/misc/charcoal": {
    "criteria": {
      "has_log": "2024-11-17 18:55:22 +0000"
    },
    "done": true
  },
  "minecraft:recipes/tools/wooden_pickaxe": {
    "criteria": {
      "has_stick": "2024-11-17 18:55:55 +0000"
    },
    "done": true
  },
  "create:recipes/create.palettes/copper_bars_from_ingots_copper_stonecutting": {
    "criteria": {
      "has_ingots_copper": "2024-11-17 19:06:19 +0000"
    },
    "done": true
  },
  "minecraft:recipes/building_blocks/cobblestone_slab_from_cobblestone_stonecutting": {
    "criteria": {
      "has_cobblestone": "2024-11-17 18:56:07 +0000"
    },
    "done": true
  },
  "create:recipes/create.base/crafting/kinetics/mechanical_pump": {
    "criteria": {
      "has_item": "2024-11-17 19:06:19 +0000"
    },
    "done": true
  },
  "minecraft:husbandry/root": {
    "criteria": {
      "consumed_item": "2024-11-17 18:51:59 +0000"
    },
    "done": true
  },
  "minecraft:recipes/misc/copper_ingot_from_smelting_raw_copper": {
    "criteria": {
      "has_raw_copper": "2024-11-17 19:01:47 +0000"
    },
    "done": true
  },
  "tensura:recipes/tensura_blocks/storage/pack/medium_quality_magic_crystal_block": {
    "criteria": {
      "has_medium_quality_magic_crystal": "2024-11-17 19:00:03 +0000"
    },
    "done": true
  },
  "minecraft:recipes/transportation/birch_boat": {
    "criteria": {
      "in_water": "2024-11-17 19:02:05 +0000"
    },
    "done": true
  },
  "minecraft:recipes/combat/stone_sword": {
    "criteria": {
      "has_cobblestone": "2024-11-17 18:56:07 +0000"
    },
    "done": true
  },
  "minecraft:recipes/decorations/barrel": {
    "criteria": {
      "has_planks": "2024-11-17 18:55:54 +0000"
    },
    "done": true
  },
  "minecraft:recipes/decorations/cobblestone_wall": {
    "criteria": {
      "has_cobblestone": "2024-11-17 18:56:07 +0000"
    },
    "done": true
  },
  "tensura:start_smithing": {
    "criteria": {
      "custom": "2024-11-17 19:00:06 +0000"
    },
    "done": true
  },
  "minecraft:recipes/misc/copper_ingot_from_blasting_raw_copper": {
    "criteria": {
      "has_raw_copper": "2024-11-17 19:01:47 +0000"
    },
    "done": true
  },
  "minecraft:recipes/transportation/acacia_boat": {
    "criteria": {
      "in_water": "2024-11-17 19:02:05 +0000"
    },
    "done": true
  },
  "minecraft:recipes/tools/stone_pickaxe": {
    "criteria": {
      "has_cobblestone": "2024-11-17 18:56:07 +0000"
    },
    "done": true
  },
  "minecraft:recipes/tensura_food/bottles_of_medium_crystal": {
    "criteria": {
      "has_medium_crystal": "2024-11-17 19:00:03 +0000"
    },
    "done": true
  },
  "minecraft:recipes/decorations/birch_sign": {
    "criteria": {
      "has_planks": "2024-11-17 18:55:54 +0000"
    },
    "done": true
  },
  "farmersdelight:recipes/farmersdelight/cutting_board": {
    "criteria": {
      "has_stick": "2024-11-17 18:55:55 +0000"
    },
    "done": true
  },
  "minecraft:adventure/root": {
    "criteria": {
      "killed_something": "2024-11-17 18:51:31 +0000"
    },
    "done": true
  },
  "ironfurnaces:coal": {
    "criteria": {
      "rainbowcoal": "2024-11-17 18:50:25 +0000"
    },
    "done": true
  },
  "minecraft:recipes/transportation/jungle_boat": {
    "criteria": {
      "in_water": "2024-11-17 19:02:05 +0000"
    },
    "done": true
  },
  "minecraft:recipes/decorations/cobblestone_wall_from_cobblestone_stonecutting": {
    "criteria": {
      "has_cobblestone": "2024-11-17 18:56:07 +0000"
    },
    "done": true
  },
  "minecraft:recipes/building_blocks/birch_stairs": {
    "criteria": {
      "has_planks": "2024-11-17 18:55:54 +0000"
    },
    "done": true
  },
  "farmersdelight:main/root": {
    "criteria": {
      "seeds": "2024-11-17 18:50:25 +0000"
    },
    "done": true
  },
  "tensura:recipes/tensura_blocks/storage/pack/low_quality_magic_crystal_block": {
    "criteria": {
      "has_low_quality_magic_crystal": "2024-11-17 19:00:04 +0000"
    },
    "done": true
  },
  "minecraft:recipes/tools/stone_hoe": {
    "criteria": {
      "has_cobblestone": "2024-11-17 18:56:07 +0000"
    },
    "done": true
  },
  "tensura:reincarnated": {
    "criteria": {
      "impossible": "2024-11-17 18:50:25 +0000"
    },
    "done": true
  },
  "minecraft:recipes/transportation/dark_oak_boat": {
    "criteria": {
      "in_water": "2024-11-17 19:02:05 +0000"
    },
    "done": true
  },
  "minecraft:recipes/redstone/lightning_rod": {
    "criteria": {
      "has_copper_ingot": "2024-11-17 19:06:19 +0000"
    },
    "done": true
  },
  "farmersdelight:recipes/farmersdelight/melon_popsicle": {
    "criteria": {
      "has_melon": "2024-11-17 18:51:54 +0000"
    },
    "done": true
  },
  "minecraft:adventure/kill_all_mobs": {
    "criteria": {
      "minecraft:skeleton": "2024-11-17 19:04:15 +0000",
      "minecraft:creeper": "2024-11-17 18:51:31 +0000",
      "minecraft:zombie": "2024-11-17 19:03:49 +0000"
    },
    "done": false
  },
  "minecraft:recipes/decorations/end_crystal": {
    "criteria": {
      "has_ender_eye": "2024-11-17 19:00:04 +0000"
    },
    "done": true
  },
  "minecraft:recipes/building_blocks/birch_wood": {
    "criteria": {
      "has_log": "2024-11-17 18:55:22 +0000"
    },
    "done": true
  },
  "farmersdelight:recipes/farmersdelight/cooking/dog_food": {
    "criteria": {
      "has_any_ingredient": "2024-11-17 19:03:49 +0000"
    },
    "done": true
  },
  "create:recipes/create.base/crafting/kinetics/smart_fluid_pipe": {
    "criteria": {
      "has_item": "2024-11-17 19:06:19 +0000"
    },
    "done": true
  },
  "tombstone:adventure/choose_knowledge": {
    "criteria": {
      "coded_trigger": "2024-11-17 18:58:38 +0000"
    },
    "done": true
  },
  "minecraft:recipes/redstone/birch_trapdoor": {
    "criteria": {
      "has_planks": "2024-11-17 18:55:54 +0000"
    },
    "done": true
  },
  "create:recipes/create.palettes/birch_window": {
    "criteria": {
      "has_ingredient": "2024-11-17 18:55:54 +0000"
    },
    "done": true
  },
  "minecraft:recipes/decorations/ender_chest": {
    "criteria": {
      "has_ender_eye": "2024-11-17 19:00:04 +0000"
    },
    "done": true
  },
  "minecraft:recipes/brewing/glistering_melon_slice": {
    "criteria": {
      "has_melon": "2024-11-17 18:51:54 +0000"
    },
    "done": true
  },
  "minecraft:recipes/misc/stick_from_bamboo_item": {
    "criteria": {
      "has_bamboo": "2024-11-17 19:03:03 +0000"
    },
    "done": true
  },
  "minecraft:recipes/redstone/birch_door": {
    "criteria": {
      "has_planks": "2024-11-17 18:55:54 +0000"
    },
    "done": true
  },
  "tensura:c_rank": {
    "criteria": {
      "custom": "2024-11-17 18:54:48 +0000"
    },
    "done": true
  },
  "create:root": {
    "criteria": {
      "0": "2024-11-17 18:50:25 +0000"
    },
    "done": true
  },
  "create:recipes/create.base/crafting/kinetics/steam_whistle": {
    "criteria": {
      "has_item": "2024-11-17 19:06:19 +0000"
    },
    "done": true
  },
  "create:recipes/create.base/crafting/appliances/copper_diving_helmet": {
    "criteria": {
      "has_item": "2024-11-17 19:06:19 +0000"
    },
    "done": true
  },
  "tombstone:adventure/first_knowledge": {
    "criteria": {
      "coded_trigger": "2024-11-17 18:58:31 +0000"
    },
    "done": true
  },
  "minecraft:story/upgrade_tools": {
    "criteria": {
      "stone_pickaxe": "2024-11-17 18:56:17 +0000"
    },
    "done": true
  },
  "tensura:getcha_better_leathers": {
    "criteria": {
      "monster_leather_c": "2024-11-17 19:00:03 +0000"
    },
    "done": true
  },
  "sophisticatedstorage:recipes/sophisticatedstorage/birch_barrel": {
    "criteria": {
      "has_birch_plank": "2024-11-17 18:55:54 +0000"
    },
    "done": true
  },
  "tensura:believe_to_fly": {
    "criteria": {
      "items": "2024-11-17 19:00:04 +0000"
    },
    "done": true
  },
  "minecraft:recipes/decorations/soul_campfire": {
    "criteria": {
      "has_stick": "2024-11-17 18:55:55 +0000"
    },
    "done": true
  },
  "minecraft:recipes/transportation/oak_boat": {
    "criteria": {
      "in_water": "2024-11-17 19:02:05 +0000"
    },
    "done": true
  },
  "create:recipes/create.base/crafting/kinetics/fluid_pipe": {
    "criteria": {
      "has_item": "2024-11-17 19:06:19 +0000"
    },
    "done": true
  },
  "minecraft:recipes/building_blocks/melon": {
    "criteria": {
      "has_melon": "2024-11-17 18:51:54 +0000"
    },
    "done": true
  },
  "minecraft:recipes/tools/stone_axe": {
    "criteria": {
      "has_cobblestone": "2024-11-17 18:56:07 +0000"
    },
    "done": true
  },
  "minecraft:recipes/decorations/birch_fence": {
    "criteria": {
      "has_planks": "2024-11-17 18:55:54 +0000"
    },
    "done": true
  },
  "create:recipes/create.base/crafting/kinetics/hose_pulley": {
    "criteria": {
      "has_item": "2024-11-17 19:06:19 +0000"
    },
    "done": true
  },
  "DataVersion": 3120
}