{
  "betterdungeons:root": {
    "criteria": {
      "always": "2024-11-17 18:49:17 +0000"
    },
    "done": true
  },
  "iceandfire:iceandfire/root": {
    "criteria": {
      "tick": "2024-11-17 18:49:17 +0000"
    },
    "done": true
  },
  "tombstone:adventure/root": {
    "criteria": {
      "auto": "2024-11-17 18:49:19 +0000"
    },
    "done": true
  },
  "tensura:d_rank": {
    "criteria": {
      "custom": "2024-11-17 18:49:17 +0000"
    },
    "done": true
  },
  "irons_spellbooks:grant_patchouli": {
    "criteria": {
      "tick": "2024-11-17 18:49:17 +0000"
    },
    "done": true
  },
  "minecraft:adventure/adventuring_time": {
    "criteria": {
      "minecraft:jungle": "2024-11-17 18:49:19 +0000"
    },
    "done": false
  },
  "apotheosis:give_book": {
    "criteria": {
      "tick": "2024-11-17 18:49:17 +0000"
    },
    "done": true
  },
  "DataVersion": 3120
}