{
  "minecraft:recipes/building_blocks/jungle_stairs": {
    "criteria": {
      "has_planks": "2024-11-17 19:39:48 +0000"
    },
    "done": true
  },
  "minecraft:recipes/building_blocks/jungle_slab": {
    "criteria": {
      "has_planks": "2024-11-17 19:39:48 +0000"
    },
    "done": true
  },
  "farmersdelight:main/root": {
    "criteria": {
      "seeds": "2024-11-17 19:06:06 +0000"
    },
    "done": true
  },
  "minecraft:recipes/decorations/jungle_fence": {
    "criteria": {
      "has_planks": "2024-11-17 19:39:48 +0000"
    },
    "done": true
  },
  "betterdungeons:root": {
    "criteria": {
      "always": "2024-11-17 19:04:43 +0000"
    },
    "done": true
  },
  "minecraft:recipes/building_blocks/oak_planks": {
    "criteria": {
      "has_logs": "2024-11-17 19:35:34 +0000"
    },
    "done": true
  },
  "sophisticatedstorage:recipes/sophisticatedstorage/jungle_barrel": {
    "criteria": {
      "has_jungle_plank": "2024-11-17 19:39:48 +0000"
    },
    "done": true
  },
  "tensura:reincarnated": {
    "criteria": {
      "impossible": "2024-11-17 19:06:06 +0000"
    },
    "done": true
  },
  "minecraft:recipes/transportation/dark_oak_boat": {
    "criteria": {
      "in_water": "2024-11-17 19:35:19 +0000"
    },
    "done": true
  },
  "tombstone:adventure/root": {
    "criteria": {
      "auto": "2024-11-17 19:04:44 +0000"
    },
    "done": true
  },
  "create:recipes/create.base/crafting/appliances/crafting_blueprint": {
    "criteria": {
      "has_item": "2024-11-17 19:40:19 +0000"
    },
    "done": true
  },
  "minecraft:recipes/redstone/jungle_door": {
    "criteria": {
      "has_planks": "2024-11-17 19:39:48 +0000"
    },
    "done": true
  },
  "tensura:recipes/tensura_blocks/smithing_bench": {
    "criteria": {
      "has_crafting_table": "2024-11-17 19:40:19 +0000"
    },
    "done": true
  },
  "tensura:d_rank": {
    "criteria": {
      "custom": "2024-11-17 19:04:43 +0000"
    },
    "done": true
  },
  "minecraft:recipes/redstone/jungle_pressure_plate": {
    "criteria": {
      "has_planks": "2024-11-17 19:39:48 +0000"
    },
    "done": true
  },
  "irons_spellbooks:grant_patchouli": {
    "criteria": {
      "tick": "2024-11-17 19:04:43 +0000"
    },
    "done": true
  },
  "minecraft:recipes/decorations/jungle_sign": {
    "criteria": {
      "has_planks": "2024-11-17 19:39:48 +0000"
    },
    "done": true
  },
  "minecraft:recipes/redstone/jungle_fence_gate": {
    "criteria": {
      "has_planks": "2024-11-17 19:39:48 +0000"
    },
    "done": true
  },
  "minecraft:recipes/redstone/jungle_trapdoor": {
    "criteria": {
      "has_planks": "2024-11-17 19:39:48 +0000"
    },
    "done": true
  },
  "create:recipes/create.palettes/jungle_window": {
    "criteria": {
      "has_ingredient": "2024-11-17 19:39:48 +0000"
    },
    "done": true
  },
  "minecraft:recipes/building_blocks/jungle_planks": {
    "criteria": {
      "has_logs": "2024-11-17 19:37:10 +0000"
    },
    "done": true
  },
  "minecraft:recipes/redstone/jungle_button": {
    "criteria": {
      "has_planks": "2024-11-17 19:39:48 +0000"
    },
    "done": true
  },
  "minecraft:adventure/adventuring_time": {
    "criteria": {
      "minecraft:bamboo_jungle": "2024-11-17 19:39:01 +0000",
      "minecraft:river": "2024-11-17 19:38:02 +0000",
      "minecraft:jungle": "2024-11-17 19:04:44 +0000"
    },
    "done": false
  },
  "minecraft:recipes/decorations/crafting_table": {
    "criteria": {
      "has_planks": "2024-11-17 19:39:48 +0000"
    },
    "done": true
  },
  "minecraft:recipes/misc/charcoal": {
    "criteria": {
      "has_log": "2024-11-17 19:35:34 +0000"
    },
    "done": true
  },
  "create:root": {
    "criteria": {
      "0": "2024-11-17 19:06:06 +0000"
    },
    "done": true
  },
  "iceandfire:iceandfire/root": {
    "criteria": {
      "tick": "2024-11-17 19:04:43 +0000"
    },
    "done": true
  },
  "minecraft:recipes/transportation/birch_boat": {
    "criteria": {
      "in_water": "2024-11-17 19:35:19 +0000"
    },
    "done": true
  },
  "minecraft:recipes/transportation/mangrove_boat": {
    "criteria": {
      "in_water": "2024-11-17 19:35:19 +0000"
    },
    "done": true
  },
  "minecraft:recipes/decorations/barrel": {
    "criteria": {
      "has_planks": "2024-11-17 19:39:48 +0000"
    },
    "done": true
  },
  "minecraft:recipes/building_blocks/oak_wood": {
    "criteria": {
      "has_log": "2024-11-17 19:35:34 +0000"
    },
    "done": true
  },
  "apotheosis:give_book": {
    "criteria": {
      "tick": "2024-11-17 19:04:43 +0000"
    },
    "done": true
  },
  "minecraft:story/root": {
    "criteria": {
      "crafting_table": "2024-11-17 19:40:19 +0000"
    },
    "done": true
  },
  "minecraft:recipes/transportation/acacia_boat": {
    "criteria": {
      "in_water": "2024-11-17 19:35:19 +0000"
    },
    "done": true
  },
  "sophisticatedstorage:recipes/sophisticatedstorage/jungle_limited_barrel_1": {
    "criteria": {
      "has_jungle_plank": "2024-11-17 19:39:48 +0000"
    },
    "done": true
  },
  "sophisticatedstorage:recipes/sophisticatedstorage/jungle_limited_barrel_2": {
    "criteria": {
      "has_jungle_plank": "2024-11-17 19:39:48 +0000"
    },
    "done": true
  },
  "minecraft:recipes/transportation/oak_boat": {
    "criteria": {
      "in_water": "2024-11-17 19:35:19 +0000"
    },
    "done": true
  },
  "minecraft:recipes/building_blocks/jungle_wood": {
    "criteria": {
      "has_log": "2024-11-17 19:37:10 +0000"
    },
    "done": true
  },
  "tensura:recipes/tensura_misc/sakura_boat": {
    "criteria": {
      "in_water": "2024-11-17 19:35:19 +0000"
    },
    "done": true
  },
  "sophisticatedstorage:recipes/sophisticatedstorage/jungle_limited_barrel_3": {
    "criteria": {
      "has_jungle_plank": "2024-11-17 19:39:48 +0000"
    },
    "done": true
  },
  "minecraft:recipes/misc/stick": {
    "criteria": {
      "has_planks": "2024-11-17 19:39:48 +0000"
    },
    "done": true
  },
  "sophisticatedstorage:recipes/sophisticatedstorage/jungle_limited_barrel_4": {
    "criteria": {
      "has_jungle_plank": "2024-11-17 19:39:48 +0000"
    },
    "done": true
  },
  "ironfurnaces:coal": {
    "criteria": {
      "rainbowcoal": "2024-11-17 19:06:06 +0000"
    },
    "done": true
  },
  "minecraft:recipes/transportation/jungle_boat": {
    "criteria": {
      "in_water": "2024-11-17 19:35:19 +0000"
    },
    "done": true
  },
  "minecraft:recipes/transportation/spruce_boat": {
    "criteria": {
      "in_water": "2024-11-17 19:35:19 +0000"
    },
    "done": true
  },
  "tensura:recipes/tensura_misc/palm_boat": {
    "criteria": {
      "in_water": "2024-11-17 19:35:19 +0000"
    },
    "done": true
  },
  "sophisticatedstorage:recipes/sophisticatedstorage/jungle_chest": {
    "criteria": {
      "has_jungle_plank": "2024-11-17 19:39:48 +0000"
    },
    "done": true
  },
  "DataVersion": 3120
}